country,year,iso_code,population,gdp,co2,co2_per_capita,consumption_co2,consumption_co2_per_capita,cumulative_co2,share_global_co2,share_global_cumulative_co2
High-income countries,1850,,329708861.0,,196.807,0.604,,,4769.785,99.979,99.999
High-income countries,1851,,332367865.0,,198.779,0.605,,,4968.563,100.0,99.999
High-income countries,1852,,335097023.0,,207.595,0.627,,,5176.159,100.0,99.999
High-income countries,1853,,337898102.0,,217.237,0.65,,,5393.396,100.0,99.999
High-income countries,1854,,340744466.0,,255.039,0.757,,,5648.434,100.0,99.999
High-income countries,1855,,343637452.0,,260.135,0.766,,,5908.57,99.952,99.997
High-income countries,1856,,346578420.0,,277.549,0.81,,,6186.119,99.75,99.986
High-income countries,1857,,349568812.0,,280.423,0.811,,,6466.542,99.73,99.975
High-income countries,1858,,352610141.0,,284.223,0.815,,,6750.765,99.536,99.956
High-income countries,1859,,355660483.0,,300.98,0.856,,,7051.744,99.474,99.935
High-income countries,1860,,358717629.0,,330.564,0.931,,,7382.308,99.478,99.915
High-income countries,1861,,361770287.0,,347.375,0.971,,,7729.684,99.48,99.895
High-income countries,1862,,364824359.0,,354.036,0.981,,,8083.72,99.451,99.876
High-income countries,1863,,367877215.0,,377.657,1.038,,,8461.377,99.505,99.859
High-income countries,1864,,370969278.0,,407.321,1.11,,,8868.697,99.462,99.841
High-income countries,1865,,374101282.0,,432.395,1.168,,,9301.093,99.435,99.822
High-income countries,1866,,377273978.0,,445.565,1.194,,,9746.657,99.22,99.794
High-income countries,1867,,380488136.0,,477.998,1.27,,,10224.655,99.414,99.776
High-income countries,1868,,383744569.0,,491.58,1.295,,,10716.234,99.411,99.759
High-income countries,1869,,387086345.0,,521.549,1.361,,,11237.784,99.394,99.742
High-income countries,1870,,390514736.0,,532.757,1.378,,,11770.541,99.372,99.726
High-income countries,1871,,393982298.0,,565.634,1.45,,,12336.175,99.273,99.705
High-income countries,1872,,397592919.0,,626.48,1.592,,,12962.655,99.29,99.685
High-income countries,1873,,401293886.0,,665.946,1.676,,,13628.602,99.326,99.667
High-income countries,1874,,405044152.0,,623.875,1.556,,,14252.476,99.238,99.648
High-income countries,1875,,408844548.0,,675.991,1.67,,,14928.467,99.258,99.63
High-income countries,1876,,412695921.0,,685.257,1.677,,,15613.725,99.229,99.613
High-income countries,1877,,416599575.0,,698.451,1.693,,,16312.175,99.207,99.595
High-income countries,1878,,420556426.0,,701.266,1.684,,,17013.441,98.819,99.563
High-income countries,1879,,424570180.0,,751.549,1.787,,,17764.99,98.915,99.535
High-income countries,1880,,428641608.0,,849.098,2.0,,,18614.09,98.936,99.508
High-income countries,1881,,432769115.0,,878.575,2.05,,,19492.664,98.919,99.481
High-income countries,1882,,436955849.0,,927.878,2.144,,,20420.543,98.904,99.455
High-income countries,1883,,441202662.0,,986.199,2.257,,,21406.74,98.831,99.426
High-income countries,1884,,445507700.0,,997.297,2.26,,,22404.039,98.766,99.396
High-income countries,1885,,449871970.0,,1004.603,2.254,,,23408.641,98.734,99.368
High-income countries,1886,,454299061.0,,1019.624,2.265,,,24428.264,98.706,99.34
High-income countries,1887,,458790078.0,,1069.38,2.352,,,25497.645,98.626,99.31
High-income countries,1888,,463346164.0,,1185.261,2.582,,,26682.904,98.661,99.281
High-income countries,1889,,467927995.0,,1183.591,2.552,,,27866.496,98.461,99.246
High-income countries,1890,,472534678.0,,1287.467,2.749,,,29153.965,98.486,99.212
High-income countries,1891,,477175396.0,,1347.635,2.849,,,30501.6,98.396,99.176
High-income countries,1892,,481839469.0,,1355.56,2.838,,,31857.158,98.191,99.133
High-income countries,1893,,486525480.0,,1334.408,2.767,,,33191.566,97.889,99.083
High-income countries,1894,,491272534.0,,1381.841,2.838,,,34573.41,97.848,99.033
High-income countries,1895,,496081513.0,,1460.823,2.97,,,36034.23,97.651,98.976
High-income countries,1896,,500953302.0,,1507.843,3.036,,,37542.078,97.567,98.919
High-income countries,1897,,505886271.0,,1576.314,3.143,,,39118.391,97.399,98.856
High-income countries,1898,,510881358.0,,1659.457,3.276,,,40777.848,97.217,98.789
High-income countries,1899,,516016933.0,,1811.933,3.541,,,42589.777,97.185,98.719
High-income countries,1900,,521297821.0,,1908.875,3.691,,,44498.652,97.248,98.655
High-income countries,1901,,526745753.0,,1965.819,3.763,,,46464.473,97.047,98.586
High-income countries,1902,,532340252.0,,2014.857,3.817,,,48479.332,97.01,98.52
High-income countries,1903,,538085184.0,,2197.625,4.118,,,50676.957,97.043,98.455
High-income countries,1904,,543906470.0,,2215.083,4.106,,,52892.035,96.718,98.381
High-income countries,1905,,549806264.0,,2364.047,4.335,,,55256.086,96.865,98.315
High-income countries,1906,,555786187.0,,2461.632,4.465,,,57717.715,96.573,98.239
High-income countries,1907,,561851222.0,,2788.543,5.004,,,60506.258,95.993,98.133
High-income countries,1908,,567999566.0,,2666.229,4.732,,,63172.488,95.55,98.022
High-income countries,1909,,573585317.0,,2777.307,4.881,,,65949.797,95.535,97.914
High-income countries,1910,,578602376.0,,2915.88,5.079,,,68865.672,95.594,97.814
High-income countries,1911,,582983409.0,,2953.627,5.107,,,71819.305,95.364,97.711
High-income countries,1912,,586846583.0,,3108.921,5.34,,,74928.227,95.544,97.619
High-income countries,1913,,590131611.0,,3357.25,5.735,,,78285.469,95.245,97.514
High-income countries,1914,,593461508.0,,3038.707,5.161,,,81324.18,95.026,97.419
High-income countries,1915,,596776002.0,,2992.13,5.054,,,84316.305,95.048,97.333
High-income countries,1916,,600075052.0,,3230.255,5.426,,,87546.562,95.001,97.245
High-income countries,1917,,603403957.0,,3375.877,5.64,,,90922.445,94.921,97.157
High-income countries,1918,,606831228.0,,3335.957,5.541,,,94258.398,95.148,97.084
High-income countries,1919,,610828508.0,,2850.114,4.703,,,97108.508,93.719,96.982
High-income countries,1920,,615484140.0,,3317.021,5.431,,,100425.531,93.523,96.864
High-income countries,1921,,620658904.0,,2870.36,4.661,,,103295.891,92.147,96.726
High-income countries,1922,,626466827.0,,3018.954,4.857,,,106314.852,92.472,96.6
High-income countries,1923,,632807717.0,,3448.123,5.492,,,109762.969,93.117,96.486
High-income countries,1924,,639231658.0,,3448.028,5.437,,,113211.0,92.785,96.369
High-income countries,1925,,645741638.0,,3480.948,5.433,,,116691.945,93.058,96.267
High-income countries,1926,,652316952.0,,3418.768,5.282,,,120110.711,92.967,96.17
High-income countries,1927,,658958445.0,,3748.442,5.732,,,123859.156,93.409,96.084
High-income countries,1928,,665691164.0,,3724.907,5.639,,,127584.062,93.209,95.998
High-income countries,1929,,672193292.0,,4005.931,6.006,,,131590.0,93.417,95.917
High-income countries,1930,,678454074.0,,3666.609,5.445,,,135256.609,92.636,95.825
High-income countries,1931,,684481126.0,,3251.876,4.787,,,138508.484,91.879,95.728
High-income countries,1932,,690237662.0,,2900.039,4.234,,,141408.516,90.837,95.623
High-income countries,1933,,695721219.0,,3048.384,4.415,,,144456.906,90.653,95.512
High-income countries,1934,,701237682.0,,3294.649,4.734,,,147751.547,90.112,95.385
High-income countries,1935,,706798469.0,,3434.512,4.896,,,151186.062,89.54,95.244
High-income countries,1936,,712501220.0,,3778.37,5.343,,,154964.422,89.792,95.103
High-income countries,1937,,718319329.0,,4037.917,5.663,,,159002.344,89.797,94.96
High-income countries,1938,,724318862.0,,3766.591,5.24,,,162768.938,89.053,94.815
High-income countries,1939,,730498113.0,,3982.256,5.493,,,166751.188,89.086,94.669
High-income countries,1940,,736422923.0,,4343.899,5.941,,,171095.094,88.929,94.514
High-income countries,1941,,742141209.0,,4468.472,6.068,,,175563.578,89.386,94.377
High-income countries,1942,,747841836.0,,4520.686,6.092,,,180084.266,90.731,94.282
High-income countries,1943,,753641567.0,,4620.289,6.178,,,184704.547,91.035,94.197
High-income countries,1944,,759577616.0,,4657.917,6.18,,,189362.453,90.226,94.096
High-income countries,1945,,765070804.0,,3823.324,5.036,,,193185.781,89.136,93.992
High-income countries,1946,,769912900.0,,4130.24,5.405,,,197316.016,89.621,93.896
High-income countries,1947,,775400537.0,,4630.737,6.018,,,201946.766,89.653,93.794
High-income countries,1948,,782020517.0,,4878.433,6.286,,,206825.188,89.547,93.69
High-income countries,1949,,789461967.0,,4634.994,5.916,,,211460.188,89.065,93.583
High-income countries,1950,,803677085.0,,5115.646,6.385,,,216575.828,86.261,93.396
High-income countries,1951,,813122435.0,,5465.522,6.742,,,222041.359,85.644,93.188
High-income countries,1952,,822761916.0,,5476.447,6.677,,,227517.812,84.674,92.963
High-income countries,1953,,832946684.0,,5625.542,6.774,,,233143.344,84.581,92.742
High-income countries,1954,,843457760.0,,5677.407,6.752,,,238820.75,83.618,92.502
High-income countries,1955,,854182135.0,,6162.75,7.237,,,244983.5,82.787,92.229
High-income countries,1956,,864982708.0,,6528.571,7.57,,,251512.078,82.366,91.944
High-income countries,1957,,876095948.0,,6642.084,7.604,,,258154.156,81.14,91.63
High-income countries,1958,,887590973.0,,6572.725,7.427,,,264726.875,78.084,91.237
High-income countries,1959,,899076140.0,,6746.243,7.525,,,271473.125,76.185,90.791
High-income countries,1960,,910579223.0,,7108.723,7.83,,,278581.844,75.73,90.332
High-income countries,1961,,922087574.0,,7295.227,7.935,,,285877.062,77.485,89.952
High-income countries,1962,,933393647.0,,7656.946,8.227,,,293534.0,78.555,89.613
High-income countries,1963,,944422127.0,,8086.051,8.587,,,301620.062,78.759,89.283
High-income countries,1964,,955942899.0,,8511.005,8.93,,,310131.062,78.627,88.952
High-income countries,1965,,967359346.0,,8831.183,9.156,,,318962.281,78.079,88.61
High-income countries,1966,,977693793.0,,9199.361,9.438,,,328161.625,77.549,88.258
High-income countries,1967,,986958831.0,,9550.461,9.706,,,337712.094,78.043,87.932
High-income countries,1968,,996237549.0,,10027.139,10.096,,,347739.219,77.698,87.599
High-income countries,1969,,1006286584.0,,10649.794,10.616,,,358389.031,77.387,87.257
High-income countries,1970,,1016197398.0,,11408.807,11.261,,,369797.812,76.574,86.883
High-income countries,1971,,1026404337.0,,11707.312,11.441,,,381505.156,75.512,86.484
High-income countries,1972,,1036705088.0,,12239.941,11.843,,,393745.062,75.441,86.092
High-income countries,1973,,1046398353.0,,12830.88,12.301,,,406575.938,75.134,85.697
High-income countries,1974,,1055695228.0,,12657.726,12.028,,,419233.656,74.466,85.309
High-income countries,1975,,1064433412.0,,12430.597,11.716,,,431664.281,73.171,84.903
High-income countries,1976,,1072839002.0,,13098.839,12.249,,,444763.125,73.332,84.511
High-income countries,1977,,1081304497.0,,13334.148,12.372,,,458097.25,72.634,84.11
High-income countries,1978,,1089655062.0,,13693.098,12.608,,,471790.344,71.975,83.701
High-income countries,1979,,1098001915.0,,13993.646,12.787,,,485784.0,71.731,83.3
High-income countries,1980,,1106630742.0,,13838.115,12.547,,,499622.125,71.295,82.914
High-income countries,1981,,1115099447.0,,13342.396,12.006,,,512964.531,70.67,82.542
High-income countries,1982,,1123182624.0,,12982.38,11.598,,,525946.875,69.314,82.155
High-income countries,1983,,1131150387.0,,12986.074,11.52,,,538932.938,68.703,81.769
High-income countries,1984,,1138944221.0,,13279.111,11.699,,,552212.125,68.248,81.381
High-income countries,1985,,1146684440.0,,13571.279,11.876,,,565783.375,67.368,80.977
High-income countries,1986,,1154735607.0,,13599.714,11.818,,,579383.062,66.541,80.567
High-income countries,1987,,1163054785.0,,13859.903,11.958,,,593242.938,65.667,80.142
High-income countries,1988,,1171490531.0,,14290.124,12.241,,,607533.062,65.196,79.712
High-income countries,1989,,1179895365.0,,14477.019,12.313,,,622010.125,65.211,79.302
High-income countries,1990,,1187956164.0,,15006.094,12.677,15283.517,12.911,637016.188,66.013,78.927
High-income countries,1991,,1196239408.0,,15335.967,12.866,15227.156,12.774,652352.188,66.087,78.569
High-income countries,1992,,1203963230.0,,14510.799,12.096,14729.639,12.278,666863.0,64.434,78.195
High-income countries,1993,,1210728993.0,,14538.071,12.051,14788.983,12.259,681401.062,63.904,77.824
High-income countries,1994,,1217906022.0,,14511.072,11.958,14986.45,12.349,695912.125,63.161,77.449
High-income countries,1995,,1224543783.0,,14628.97,11.99,15171.21,12.434,710541.125,62.207,77.06
High-income countries,1996,,1230513703.0,,14979.279,12.217,15451.955,12.603,725520.375,61.812,76.67
High-income countries,1997,,1236583684.0,,14900.45,12.094,15461.409,12.549,740420.812,61.117,76.279
High-income countries,1998,,1242177352.0,,14859.571,12.006,15452.991,12.486,755280.375,61.161,75.91
High-income countries,1999,,1247730970.0,,15028.272,12.089,15639.714,12.581,770308.625,60.506,75.535
High-income countries,2000,,1253937735.0,,15461.338,12.376,16294.402,13.042,785770.0,60.605,75.171
High-income countries,2001,,1260506416.0,,15468.816,12.317,16283.549,12.966,801238.812,60.206,74.812
High-income countries,2002,,1267822166.0,,15564.075,12.321,16506.506,13.067,816802.875,59.257,74.439
High-income countries,2003,,1275305584.0,,15852.178,12.475,17120.582,13.474,832655.062,57.326,74.019
High-income countries,2004,,1282405681.0,,16053.765,12.564,17477.559,13.678,848708.812,56.112,73.574
High-income countries,2005,,1289639261.0,,16125.542,12.549,17780.246,13.837,864834.375,54.48,73.097
High-income countries,2006,,1297063813.0,,16189.988,12.527,17941.266,13.882,881024.375,52.919,72.588
High-income countries,2007,,1305649028.0,,16308.89,12.535,18021.416,13.852,897333.25,51.775,72.062
High-income countries,2008,,1314867453.0,,16049.812,12.249,17773.52,13.565,913383.125,50.078,71.51
High-income countries,2009,,1323319806.0,,15093.003,11.445,16434.469,12.463,928476.062,47.895,70.941
High-income countries,2010,,1331186276.0,,15713.739,11.845,17172.053,12.945,944189.812,47.163,70.351
High-income countries,2011,,1339286565.0,,15608.247,11.694,17108.465,12.818,959798.062,45.268,69.723
High-income countries,2012,,1347506296.0,,15520.974,11.557,16903.236,12.587,975319.0,44.403,69.096
High-income countries,2013,,1355469061.0,,15485.766,11.463,16828.277,12.457,990804.75,43.899,68.482
High-income countries,2014,,1363592543.0,,15294.128,11.253,16660.203,12.258,1006098.875,43.124,67.875
High-income countries,2015,,1372281696.0,,15215.524,11.124,16359.858,11.96,1021314.438,42.977,67.294
High-income countries,2016,,1380894709.0,,15070.386,10.948,16268.545,11.819,1036384.875,42.58,66.731
High-income countries,2017,,1388094202.0,,15069.183,10.89,16248.017,11.742,1051454.0,41.888,66.168
High-income countries,2018,,1394159697.0,,15204.227,10.939,16429.621,11.82,1066658.25,41.39,65.609
High-income countries,2019,,1400146576.0,,14916.665,10.686,16176.018,11.588,1081574.875,40.221,65.042
High-income countries,2020,,1403650770.0,,13694.959,9.786,15014.972,10.729,1095269.875,38.952,64.502
High-income countries,2021,,1404873283.0,,14370.719,10.26,15885.578,11.341,1109640.625,38.98,63.96
High-income countries,2022,,1410112397.0,,14274.797,10.153,15997.063,11.378,1123915.375,38.038,63.411
High-income countries,2023,,1416794460.0,,13890.804,9.833,15659.65,11.086,1137806.125,36.465,62.844
High-income countries,2024,,1420176158.0,,13867.993,9.794,,,1151674.25,35.929,62.282
Low-income countries,1850,,71303243.0,,,,,,,,
Low-income countries,1851,,71592077.0,,,,,,,,
Low-income countries,1852,,71793405.0,,,,,,,,
Low-income countries,1853,,71906435.0,,,,,,,,
Low-income countries,1854,,72019924.0,,,,,,,,
Low-income countries,1855,,72133865.0,,,,,,,,
Low-income countries,1856,,72248269.0,,,,,,,,
Low-income countries,1857,,72363130.0,,,,,,,,
Low-income countries,1858,,72478454.0,,,,,,,,
Low-income countries,1859,,72603416.0,,,,,,,,
Low-income countries,1860,,72738094.0,,,,,,,,
Low-income countries,1861,,72882568.0,,,,,,,,
Low-income countries,1862,,73036920.0,,,,,,,,
Low-income countries,1863,,73201236.0,,,,,,,,
Low-income countries,1864,,73366417.0,,,,,,,,
Low-income countries,1865,,73532463.0,,,,,,,,
Low-income countries,1866,,73699384.0,,,,,,,,
Low-income countries,1867,,73867184.0,,,,,,,,
Low-income countries,1868,,74035864.0,,,,,,,,
Low-income countries,1869,,74212912.0,,,,,,,,
Low-income countries,1870,,74398436.0,,,,,,,,
Low-income countries,1871,,74590878.0,,,,,,,,
Low-income countries,1872,,74793687.0,,,,,,,,
Low-income countries,1873,,75005311.0,,,,,,,,
Low-income countries,1874,,75218334.0,,,,,,,,
Low-income countries,1875,,75432756.0,,,,,,,,
Low-income countries,1876,,75648599.0,,,,,,,,
Low-income countries,1877,,75865862.0,,,,,,,,
Low-income countries,1878,,76084553.0,,,,,,,,
Low-income countries,1879,,76303444.0,,,,,,,,
Low-income countries,1880,,76522453.0,,,,,,,,
Low-income countries,1881,,76741507.0,,,,,,,,
Low-income countries,1882,,76960532.0,,,,,,,,
Low-income countries,1883,,77179446.0,,,,,,,,
Low-income countries,1884,,77399443.0,,,,,,,,
Low-income countries,1885,,77620524.0,,,,,,,,
Low-income countries,1886,,77842685.0,,,,,,,,
Low-income countries,1887,,78065944.0,,,,,,,,
Low-income countries,1888,,78290298.0,,,,,,,,
Low-income countries,1889,,78467049.0,,,,,,,,
Low-income countries,1890,,78596293.0,,,,,,,,
Low-income countries,1891,,78678102.0,,,,,,,,
Low-income countries,1892,,78712581.0,,,,,,,,
Low-income countries,1893,,78699804.0,,,,,,,,
Low-income countries,1894,,78688531.0,,,,,,,,
Low-income countries,1895,,78678758.0,,,,,,,,
Low-income countries,1896,,78670492.0,,,,,,,,
Low-income countries,1897,,78663722.0,,,,,,,,
Low-income countries,1898,,78658448.0,,,,,,,,
Low-income countries,1899,,78659480.0,,,,,,,,
Low-income countries,1900,,78667414.0,,,,,,,,
Low-income countries,1901,,78682862.0,,,,,,,,
Low-income countries,1902,,78706428.0,,,,,,,,
Low-income countries,1903,,78738727.0,,,,,,,,
Low-income countries,1904,,78775575.0,,,,,,,,
Low-income countries,1905,,78816986.0,,0.014,0.0,,,0.014,0.001,0.0
Low-income countries,1906,,78862973.0,,,,,,,,
Low-income countries,1907,,78913561.0,,,,,,,,
Low-income countries,1908,,78968750.0,,,,,,,,
Low-income countries,1909,,79127211.0,,0.149,0.002,,,0.163,0.005,0.0
Low-income countries,1910,,79394799.0,,0.187,0.002,,,0.351,0.006,0.0
Low-income countries,1911,,79777152.0,,0.222,0.003,,,0.573,0.007,0.001
Low-income countries,1912,,80282415.0,,0.278,0.003,,,0.85,0.009,0.001
Low-income countries,1913,,80917242.0,,0.323,0.004,,,1.173,0.009,0.001
Low-income countries,1914,,81591165.0,,0.462,0.006,,,1.635,0.014,0.002
Low-income countries,1915,,82306863.0,,0.576,0.007,,,2.211,0.018,0.003
Low-income countries,1916,,83067204.0,,0.479,0.006,,,2.69,0.014,0.003
Low-income countries,1917,,83875278.0,,,,,,,,
Low-income countries,1918,,84738735.0,,0.472,0.006,,,3.162,0.013,0.003
Low-income countries,1919,,85484497.0,,0.559,0.007,,,3.721,0.018,0.004
Low-income countries,1920,,86111014.0,,0.729,0.008,,,4.45,0.021,0.004
Low-income countries,1921,,86615768.0,,0.788,0.009,,,5.239,0.025,0.005
Low-income countries,1922,,86995211.0,,0.879,0.01,,,6.118,0.027,0.006
Low-income countries,1923,,87244742.0,,1.116,0.013,,,7.233,0.03,0.006
Low-income countries,1924,,87532261.0,,1.219,0.014,,,8.453,0.033,0.007
Low-income countries,1925,,87856497.0,,1.772,0.02,,,10.225,0.047,0.008
Low-income countries,1926,,88216249.0,,1.956,0.022,,,12.181,0.053,0.01
Low-income countries,1927,,88610397.0,,2.056,0.023,,,14.237,0.051,0.011
Low-income countries,1928,,89037891.0,,2.355,0.026,,,16.592,0.059,0.012
Low-income countries,1929,,89554143.0,,2.672,0.03,,,19.264,0.062,0.014
Low-income countries,1930,,90154401.0,,2.621,0.029,,,21.885,0.066,0.016
Low-income countries,1931,,90834164.0,,2.617,0.029,,,24.501,0.074,0.017
Low-income countries,1932,,91589136.0,,2.898,0.032,,,27.399,0.091,0.019
Low-income countries,1933,,92415258.0,,3.343,0.036,,,30.742,0.099,0.02
Low-income countries,1934,,93252252.0,,4.451,0.048,,,35.193,0.122,0.023
Low-income countries,1935,,94100274.0,,5.213,0.055,,,40.406,0.136,0.025
Low-income countries,1936,,94959473.0,,6.124,0.064,,,46.53,0.146,0.029
Low-income countries,1937,,95830003.0,,6.645,0.069,,,53.175,0.148,0.032
Low-income countries,1938,,96712017.0,,8.817,0.091,,,61.993,0.208,0.036
Low-income countries,1939,,97666562.0,,11.444,0.117,,,73.437,0.256,0.042
Low-income countries,1940,,98695327.0,,14.601,0.148,,,88.038,0.299,0.049
Low-income countries,1941,,99800027.0,,16.288,0.163,,,104.326,0.326,0.056
Low-income countries,1942,,100982424.0,,18.012,0.178,,,122.339,0.362,0.064
Low-income countries,1943,,102244306.0,,17.548,0.172,,,139.886,0.346,0.071
Low-income countries,1944,,103526614.0,,18.452,0.178,,,158.338,0.357,0.079
Low-income countries,1945,,104829688.0,,0.31,0.003,,,158.648,0.007,0.077
Low-income countries,1946,,106153873.0,,0.46,0.004,,,159.109,0.01,0.076
Low-income countries,1947,,107499520.0,,0.486,0.005,,,159.594,0.009,0.074
Low-income countries,1948,,108866986.0,,1.853,0.017,,,161.448,0.034,0.073
Low-income countries,1949,,110396461.0,,2.366,0.021,,,163.813,0.045,0.072
Low-income countries,1950,,112417198.0,,5.435,0.048,,,169.249,0.092,0.073
Low-income countries,1951,,113856117.0,,5.999,0.053,,,175.248,0.094,0.074
Low-income countries,1952,,115581853.0,,6.83,0.059,,,182.078,0.106,0.074
Low-income countries,1953,,117615340.0,,8.09,0.069,,,190.168,0.122,0.076
Low-income countries,1954,,119859723.0,,16.327,0.136,,,206.495,0.24,0.08
Low-income countries,1955,,122293854.0,,19.063,0.156,,,225.557,0.256,0.085
Low-income countries,1956,,124856286.0,,20.955,0.168,,,246.513,0.264,0.09
Low-income countries,1957,,127501597.0,,25.002,0.196,,,271.515,0.305,0.096
Low-income countries,1958,,130192598.0,,28.227,0.217,,,299.742,0.335,0.103
Low-income countries,1959,,133046210.0,,33.427,0.251,,,333.168,0.377,0.111
Low-income countries,1960,,136125812.0,,39.732,0.292,,,372.9,0.423,0.121
Low-income countries,1961,,139355408.0,,41.712,0.299,,,414.612,0.443,0.13
Low-income countries,1962,,142712693.0,,47.095,0.33,,,461.707,0.483,0.141
Low-income countries,1963,,146205567.0,,49.007,0.335,,,510.714,0.477,0.151
Low-income countries,1964,,149866133.0,,53.91,0.36,,,564.624,0.498,0.162
Low-income countries,1965,,153680709.0,,63.77,0.415,,,628.395,0.564,0.175
Low-income countries,1966,,157615047.0,,68.815,0.437,,,697.21,0.58,0.188
Low-income countries,1967,,161746463.0,,73.889,0.457,,,771.098,0.604,0.201
Low-income countries,1968,,166073639.0,,93.907,0.565,,,865.005,0.728,0.218
Low-income countries,1969,,170544885.0,,95.884,0.562,,,960.89,0.697,0.234
Low-income countries,1970,,175151214.0,,103.298,0.59,,,1064.188,0.693,0.25
Low-income countries,1971,,179815331.0,,140.588,0.782,,,1204.776,0.907,0.273
Low-income countries,1972,,184480537.0,,120.632,0.654,,,1325.408,0.744,0.29
Low-income countries,1973,,189367147.0,,130.412,0.689,,,1455.82,0.764,0.307
Low-income countries,1974,,194455304.0,,136.629,0.703,,,1592.448,0.804,0.324
Low-income countries,1975,,199576711.0,,142.508,0.714,,,1734.957,0.839,0.341
Low-income countries,1976,,204813494.0,,146.233,0.714,,,1881.19,0.819,0.357
Low-income countries,1977,,210006614.0,,152.167,0.725,,,2033.357,0.829,0.373
Low-income countries,1978,,215747916.0,,147.498,0.684,,,2180.854,0.775,0.387
Low-income countries,1979,,221769541.0,,159.218,0.718,,,2340.073,0.816,0.401
Low-income countries,1980,,226723539.0,,162.02,0.715,,,2502.092,0.835,0.415
Low-income countries,1981,,231201169.0,,167.728,0.725,,,2669.82,0.888,0.43
Low-income countries,1982,,236787467.0,,168.161,0.71,,,2837.981,0.898,0.443
Low-income countries,1983,,243197076.0,,181.897,0.748,,,3019.878,0.962,0.458
Low-income countries,1984,,249764062.0,,196.388,0.786,,,3216.266,1.009,0.474
Low-income countries,1985,,256472922.0,,205.12,0.8,,,3421.386,1.018,0.49
Low-income countries,1986,,263230599.0,,219.073,0.832,,,3640.46,1.072,0.506
Low-income countries,1987,,270279297.0,,243.562,0.901,,,3884.021,1.154,0.525
Low-income countries,1988,,277539287.0,,270.453,0.974,,,4154.475,1.234,0.545
Low-income countries,1989,,285123979.0,,277.681,0.974,,,4432.155,1.251,0.565
Low-income countries,1990,,292663595.0,,189.065,0.646,10.176,0.035,4621.22,0.832,0.573
Low-income countries,1991,,300360059.0,,186.742,0.622,10.262,0.034,4807.961,0.805,0.579
Low-income countries,1992,,309369865.0,,171.487,0.554,10.506,0.034,4979.448,0.761,0.584
Low-income countries,1993,,319277771.0,,163.5,0.512,10.991,0.034,5142.947,0.719,0.587
Low-income countries,1994,,328801392.0,,158.378,0.482,10.164,0.031,5301.325,0.689,0.59
Low-income countries,1995,,338406194.0,,155.741,0.46,10.982,0.032,5457.066,0.662,0.592
Low-income countries,1996,,348513467.0,,148.532,0.426,12.2,0.035,5605.598,0.613,0.592
Low-income countries,1997,,358535391.0,,149.771,0.418,11.324,0.032,5755.369,0.614,0.593
Low-income countries,1998,,368772687.0,,149.22,0.405,12.444,0.034,5904.589,0.614,0.593
Low-income countries,1999,,379366090.0,,159.135,0.419,15.696,0.041,6063.725,0.641,0.595
Low-income countries,2000,,389723485.0,,164.49,0.422,19.193,0.049,6228.214,0.645,0.596
Low-income countries,2001,,400384099.0,,166.929,0.417,19.409,0.048,6395.144,0.65,0.597
Low-income countries,2002,,412284807.0,,154.973,0.376,18.107,0.044,6550.117,0.59,0.597
Low-income countries,2003,,424679097.0,,177.288,0.417,18.739,0.044,6727.404,0.641,0.598
Low-income countries,2004,,436967699.0,,179.401,0.411,18.799,0.043,6906.806,0.627,0.599
Low-income countries,2005,,449724246.0,,184.348,0.41,20.172,0.045,7091.153,0.623,0.599
Low-income countries,2006,,463303557.0,,192.84,0.416,23.586,0.051,7283.993,0.63,0.6
Low-income countries,2007,,477111736.0,,197.89,0.415,23.562,0.049,7481.883,0.628,0.601
Low-income countries,2008,,490973774.0,,209.908,0.428,26.947,0.055,7691.791,0.655,0.602
Low-income countries,2009,,505164159.0,,209.352,0.414,28.019,0.055,7901.143,0.664,0.604
Low-income countries,2010,,519647365.0,,209.248,0.403,27.312,0.053,8110.392,0.628,0.604
Low-income countries,2011,,534392915.0,,191.834,0.359,31.417,0.059,8302.226,0.556,0.603
Low-income countries,2012,,549004721.0,,177.457,0.323,32.722,0.06,8479.684,0.508,0.601
Low-income countries,2013,,563040135.0,,167.16,0.297,39.692,0.07,8646.844,0.474,0.598
Low-income countries,2014,,577051647.0,,174.6,0.303,46.851,0.081,8821.443,0.492,0.595
Low-income countries,2015,,591583770.0,,152.336,0.258,45.542,0.077,8973.78,0.43,0.591
Low-income countries,2016,,607210136.0,,159.13,0.262,48.737,0.08,9132.909,0.45,0.588
Low-income countries,2017,,623824285.0,,201.244,0.323,55.591,0.089,9334.153,0.559,0.587
Low-income countries,2018,,641385698.0,,199.088,0.31,64.053,0.1,9533.241,0.542,0.586
Low-income countries,2019,,659875267.0,,214.494,0.325,66.49,0.101,9747.735,0.578,0.586
Low-income countries,2020,,678679145.0,,207.23,0.305,63.957,0.094,9954.966,0.589,0.586
Low-income countries,2021,,697273071.0,,199.59,0.286,70.968,0.102,10154.557,0.541,0.585
Low-income countries,2022,,715844683.0,,202.7,0.283,73.624,0.103,10357.256,0.54,0.584
Low-income countries,2023,,735385966.0,,209.172,0.284,74.094,0.101,10566.429,0.549,0.584
Low-income countries,2024,,755559274.0,,210.953,0.279,,,10777.381,0.547,0.583
Lower-middle-income countries,1850,,352094708.0,,0.004,0.0,,,0.007,0.002,0.0
Lower-middle-income countries,1851,,353564380.0,,,,,,,,
Lower-middle-income countries,1852,,355005546.0,,,,,,,,
Lower-middle-income countries,1853,,356417836.0,,,,,,,,
Lower-middle-income countries,1854,,357841832.0,,,,,,,,
Lower-middle-income countries,1855,,359277706.0,,0.012,0.0,,,0.019,0.005,0.0
Lower-middle-income countries,1856,,360725643.0,,,,,,,,
Lower-middle-income countries,1857,,362185832.0,,,,,,,,
Lower-middle-income countries,1858,,363658467.0,,0.411,0.001,,,0.43,0.144,0.006
Lower-middle-income countries,1859,,365167807.0,,0.654,0.002,,,1.084,0.216,0.015
Lower-middle-income countries,1860,,366714632.0,,0.667,0.002,,,1.751,0.201,0.024
Lower-middle-income countries,1861,,368299773.0,,0.527,0.001,,,2.279,0.151,0.029
Lower-middle-income countries,1862,,369924010.0,,0.581,0.002,,,2.86,0.163,0.035
Lower-middle-income countries,1863,,371588226.0,,0.638,0.002,,,3.498,0.168,0.041
Lower-middle-income countries,1864,,373269197.0,,0.61,0.002,,,4.108,0.149,0.046
Lower-middle-income countries,1865,,374967297.0,,0.603,0.002,,,4.711,0.139,0.051
Lower-middle-income countries,1866,,376682899.0,,0.738,0.002,,,5.449,0.164,0.056
Lower-middle-income countries,1867,,378416415.0,,0.113,0.0,,,5.562,0.024,0.054
Lower-middle-income countries,1868,,380168251.0,,0.098,0.0,,,5.66,0.02,0.053
Lower-middle-income countries,1869,,381773473.0,,0.129,0.0,,,5.789,0.025,0.051
Lower-middle-income countries,1870,,383230248.0,,0.138,0.0,,,5.926,0.026,0.05
Lower-middle-income countries,1871,,384536215.0,,0.189,0.0,,,6.115,0.033,0.049
Lower-middle-income countries,1872,,385690181.0,,0.199,0.001,,,6.314,0.032,0.049
Lower-middle-income countries,1873,,386689699.0,,0.191,0.0,,,6.505,0.028,0.048
Lower-middle-income countries,1874,,387698003.0,,0.223,0.001,,,6.728,0.035,0.047
Lower-middle-income countries,1875,,388715099.0,,0.257,0.001,,,6.985,0.038,0.047
Lower-middle-income countries,1876,,389740996.0,,0.323,0.001,,,7.308,0.047,0.047
Lower-middle-income countries,1877,,390775700.0,,0.327,0.001,,,7.635,0.047,0.047
Lower-middle-income countries,1878,,391819236.0,,2.202,0.006,,,9.837,0.31,0.058
Lower-middle-income countries,1879,,393294026.0,,2.134,0.005,,,11.971,0.281,0.067
Lower-middle-income countries,1880,,395206513.0,,2.414,0.006,,,14.385,0.281,0.077
Lower-middle-income countries,1881,,397563417.0,,2.401,0.006,,,16.787,0.27,0.086
Lower-middle-income countries,1882,,400371763.0,,2.794,0.007,,,19.58,0.298,0.095
Lower-middle-income countries,1883,,403638894.0,,3.106,0.008,,,22.687,0.311,0.105
Lower-middle-income countries,1884,,406950803.0,,3.417,0.008,,,26.103,0.338,0.116
Lower-middle-income countries,1885,,410309156.0,,3.185,0.008,,,29.289,0.313,0.124
Lower-middle-income countries,1886,,413715716.0,,3.498,0.008,,,32.786,0.339,0.133
Lower-middle-income countries,1887,,417172367.0,,3.845,0.009,,,36.631,0.355,0.143
Lower-middle-income countries,1888,,420681098.0,,4.235,0.01,,,40.865,0.353,0.152
Lower-middle-income countries,1889,,423785108.0,,4.874,0.012,,,45.74,0.405,0.163
Lower-middle-income countries,1890,,426477733.0,,5.409,0.013,,,51.149,0.414,0.174
Lower-middle-income countries,1891,,428752005.0,,5.857,0.014,,,57.006,0.428,0.185
Lower-middle-income countries,1892,,430600590.0,,6.593,0.015,,,63.599,0.478,0.198
Lower-middle-income countries,1893,,432015787.0,,7.518,0.017,,,71.117,0.551,0.212
Lower-middle-income countries,1894,,433447437.0,,7.268,0.017,,,78.384,0.515,0.225
Lower-middle-income countries,1895,,434895852.0,,8.754,0.02,,,87.138,0.585,0.239
Lower-middle-income countries,1896,,436361345.0,,9.54,0.022,,,96.678,0.617,0.255
Lower-middle-income countries,1897,,437844236.0,,10.583,0.024,,,107.262,0.654,0.271
Lower-middle-income countries,1898,,439344842.0,,11.801,0.027,,,119.062,0.691,0.288
Lower-middle-income countries,1899,,441215470.0,,13.127,0.03,,,132.19,0.704,0.306
Lower-middle-income countries,1900,,443464073.0,,15.091,0.034,,,147.281,0.769,0.327
Lower-middle-income countries,1901,,446098965.0,,16.402,0.037,,,163.683,0.81,0.347
Lower-middle-income countries,1902,,449128779.0,,17.543,0.039,,,181.226,0.845,0.368
Lower-middle-income countries,1903,,452562537.0,,18.041,0.04,,,199.268,0.797,0.387
Lower-middle-income countries,1904,,456057886.0,,20.361,0.045,,,219.629,0.889,0.409
Lower-middle-income countries,1905,,459617010.0,,20.508,0.045,,,240.137,0.84,0.427
Lower-middle-income countries,1906,,463242620.0,,23.543,0.051,,,263.68,0.924,0.449
Lower-middle-income countries,1907,,466936701.0,,26.163,0.056,,,289.843,0.901,0.47
Lower-middle-income countries,1908,,470701767.0,,29.52,0.063,,,319.362,1.058,0.496
Lower-middle-income countries,1909,,473988473.0,,29.088,0.061,,,348.45,1.001,0.517
Lower-middle-income countries,1910,,476785767.0,,28.696,0.06,,,377.146,0.941,0.536
Lower-middle-income countries,1911,,479086199.0,,30.033,0.063,,,407.179,0.97,0.554
Lower-middle-income countries,1912,,480876621.0,,34.274,0.071,,,441.453,1.053,0.575
Lower-middle-income countries,1913,,482143817.0,,37.801,0.078,,,479.254,1.072,0.597
Lower-middle-income countries,1914,,483424757.0,,38.449,0.08,,,517.704,1.202,0.62
Lower-middle-income countries,1915,,484719507.0,,39.642,0.082,,,557.345,1.259,0.643
Lower-middle-income countries,1916,,486028158.0,,40.785,0.084,,,598.13,1.199,0.664
Lower-middle-income countries,1917,,487354434.0,,42.395,0.087,,,640.525,1.192,0.684
Lower-middle-income countries,1918,,488893619.0,,45.077,0.092,,,685.602,1.286,0.706
Lower-middle-income countries,1919,,491108929.0,,48.371,0.098,,,733.973,1.591,0.733
Lower-middle-income countries,1920,,494008683.0,,40.417,0.082,,,774.39,1.14,0.747
Lower-middle-income countries,1921,,497597031.0,,43.849,0.088,,,818.24,1.408,0.766
Lower-middle-income countries,1922,,501883380.0,,43.197,0.086,,,861.436,1.323,0.783
Lower-middle-income countries,1923,,506876447.0,,44.956,0.089,,,906.392,1.214,0.797
Lower-middle-income countries,1924,,511932610.0,,48.582,0.095,,,954.974,1.307,0.813
Lower-middle-income countries,1925,,517051856.0,,48.731,0.094,,,1003.705,1.303,0.828
Lower-middle-income countries,1926,,522235001.0,,49.932,0.096,,,1053.637,1.358,0.844
Lower-middle-income countries,1927,,527482858.0,,53.273,0.101,,,1106.909,1.328,0.859
Lower-middle-income countries,1928,,532796272.0,,57.123,0.107,,,1164.032,1.429,0.876
Lower-middle-income countries,1929,,538633716.0,,58.775,0.109,,,1222.808,1.371,0.891
Lower-middle-income countries,1930,,545005966.0,,60.796,0.112,,,1283.604,1.536,0.909
Lower-middle-income countries,1931,,551925685.0,,56.548,0.102,,,1340.152,1.598,0.926
Lower-middle-income countries,1932,,559407948.0,,54.1,0.097,,,1394.251,1.695,0.943
Lower-middle-income countries,1933,,567464435.0,,54.037,0.095,,,1448.288,1.607,0.958
Lower-middle-income countries,1934,,575651587.0,,60.424,0.105,,,1508.712,1.653,0.974
Lower-middle-income countries,1935,,583960986.0,,64.073,0.11,,,1572.785,1.67,0.991
Lower-middle-income countries,1936,,592391606.0,,66.236,0.112,,,1639.021,1.574,1.006
Lower-middle-income countries,1937,,600940683.0,,72.594,0.121,,,1711.615,1.614,1.022
Lower-middle-income countries,1938,,609623230.0,,79.067,0.13,,,1790.682,1.869,1.043
Lower-middle-income countries,1939,,617004543.0,,80.226,0.13,,,1870.909,1.795,1.062
Lower-middle-income countries,1940,,623084701.0,,87.03,0.14,,,1957.939,1.782,1.082
Lower-middle-income countries,1941,,627857196.0,,87.289,0.139,,,2045.228,1.746,1.099
Lower-middle-income countries,1942,,631328652.0,,76.335,0.121,,,2121.563,1.532,1.111
Lower-middle-income countries,1943,,633501601.0,,69.163,0.109,,,2190.726,1.363,1.117
Lower-middle-income countries,1944,,635814140.0,,73.355,0.115,,,2264.081,1.421,1.125
Lower-middle-income countries,1945,,638268328.0,,77.826,0.122,,,2341.907,1.814,1.139
Lower-middle-income countries,1946,,640861710.0,,79.537,0.124,,,2421.443,1.726,1.152
Lower-middle-income countries,1947,,643596803.0,,83.497,0.13,,,2504.941,1.617,1.163
Lower-middle-income countries,1948,,646476287.0,,87.573,0.135,,,2592.513,1.607,1.174
Lower-middle-income countries,1949,,651575738.0,,95.526,0.147,,,2688.039,1.836,1.19
Lower-middle-income countries,1950,,648289463.0,,126.404,0.195,,,2814.443,2.131,1.214
Lower-middle-income countries,1951,,662454733.0,,133.873,0.202,,,2948.316,2.098,1.237
Lower-middle-income countries,1952,,677401949.0,,144.008,0.213,,,3092.323,2.227,1.264
Lower-middle-income countries,1953,,692929778.0,,148.38,0.214,,,3240.704,2.231,1.289
Lower-middle-income countries,1954,,709181786.0,,159.014,0.224,,,3399.719,2.342,1.317
Lower-middle-income countries,1955,,726288830.0,,173.985,0.24,,,3573.703,2.337,1.345
Lower-middle-income countries,1956,,744009729.0,,182.529,0.245,,,3756.232,2.303,1.373
Lower-middle-income countries,1957,,762101433.0,,201.261,0.264,,,3957.494,2.459,1.405
Lower-middle-income countries,1958,,780762688.0,,213.762,0.274,,,4171.255,2.539,1.438
Lower-middle-income countries,1959,,800309720.0,,223.915,0.28,,,4395.17,2.529,1.47
Lower-middle-income countries,1960,,820432675.0,,244.958,0.299,,,4640.128,2.61,1.505
Lower-middle-income countries,1961,,841045554.0,,258.016,0.307,,,4898.144,2.74,1.541
Lower-middle-income countries,1962,,862159103.0,,280.057,0.325,,,5178.202,2.873,1.581
Lower-middle-income countries,1963,,883813682.0,,303.278,0.343,,,5481.479,2.954,1.623
Lower-middle-income countries,1964,,905989194.0,,316.737,0.35,,,5798.216,2.926,1.663
Lower-middle-income countries,1965,,928291576.0,,347.298,0.374,,,6145.514,3.071,1.707
Lower-middle-income countries,1966,,950568906.0,,369.354,0.389,,,6514.868,3.114,1.752
Lower-middle-income countries,1967,,973418801.0,,374.232,0.384,,,6889.1,3.058,1.794
Lower-middle-income countries,1968,,996828669.0,,398.763,0.4,,,7287.863,3.09,1.836
Lower-middle-income countries,1969,,1020575229.0,,417.534,0.409,,,7705.396,3.034,1.876
Lower-middle-income countries,1970,,1045159738.0,,446.632,0.427,,,8152.029,2.998,1.915
Lower-middle-income countries,1971,,1069570829.0,,476.533,0.446,,,8628.561,3.074,1.956
Lower-middle-income countries,1972,,1094653937.0,,504.342,0.461,,,9132.902,3.109,1.997
Lower-middle-income countries,1973,,1121463914.0,,536.991,0.479,,,9669.894,3.144,2.038
Lower-middle-income countries,1974,,1149216973.0,,560.222,0.487,,,10230.116,3.296,2.082
Lower-middle-income countries,1975,,1177835803.0,,580.004,0.492,,,10810.12,3.414,2.126
Lower-middle-income countries,1976,,1207026504.0,,603.181,0.5,,,11413.301,3.377,2.169
Lower-middle-income countries,1977,,1237143677.0,,626.43,0.506,,,12039.731,3.412,2.211
Lower-middle-income countries,1978,,1267780648.0,,642.829,0.507,,,12682.561,3.379,2.25
Lower-middle-income countries,1979,,1299681665.0,,691.379,0.532,,,13373.939,3.544,2.293
Lower-middle-income countries,1980,,1333878754.0,,721.738,0.541,,,14095.678,3.718,2.339
Lower-middle-income countries,1981,,1369121632.0,,749.748,0.548,,,14845.426,3.971,2.389
Lower-middle-income countries,1982,,1404778309.0,,773.943,0.551,,,15619.368,4.132,2.44
Lower-middle-income countries,1983,,1441034781.0,,807.841,0.561,,,16427.209,4.274,2.492
Lower-middle-income countries,1984,,1477907041.0,,831.103,0.562,,,17258.312,4.271,2.543
Lower-middle-income countries,1985,,1515552078.0,,887.538,0.586,,,18145.85,4.406,2.597
Lower-middle-income countries,1986,,1553815501.0,,927.414,0.597,,,19073.264,4.538,2.652
Lower-middle-income countries,1987,,1592569215.0,,964.548,0.606,,,20037.812,4.57,2.707
Lower-middle-income countries,1988,,1631722258.0,,1029.841,0.631,,,21067.652,4.698,2.764
Lower-middle-income countries,1989,,1671269097.0,,1056.438,0.632,,,22124.092,4.759,2.821
Lower-middle-income countries,1990,,1711864220.0,,1104.19,0.645,1007.647,0.589,23228.281,4.857,2.878
Lower-middle-income countries,1991,,1752608523.0,,1146.94,0.654,1028.34,0.587,24375.221,4.943,2.936
Lower-middle-income countries,1992,,1793067376.0,,1214.147,0.677,1124.785,0.627,25589.369,5.391,3.001
Lower-middle-income countries,1993,,1833937911.0,,1263.718,0.689,1132.183,0.617,26853.086,5.555,3.067
Lower-middle-income countries,1994,,1874934474.0,,1354.623,0.722,1212.856,0.647,28207.709,5.896,3.139
Lower-middle-income countries,1995,,1916258972.0,,1426.849,0.745,1271.021,0.663,29634.559,6.067,3.214
Lower-middle-income countries,1996,,1957849353.0,,1537.595,0.785,1350.259,0.69,31172.152,6.345,3.294
Lower-middle-income countries,1997,,1999733954.0,,1612.397,0.806,1412.097,0.706,32784.551,6.614,3.378
Lower-middle-income countries,1998,,2042077792.0,,1657.266,0.812,1435.449,0.703,34441.812,6.821,3.462
Lower-middle-income countries,1999,,2084331968.0,,1755.396,0.842,1550.326,0.744,36197.211,7.067,3.549
Lower-middle-income countries,2000,,2126916405.0,,1826.764,0.859,1550.992,0.729,38023.977,7.161,3.638
Lower-middle-income countries,2001,,2169845903.0,,1848.146,0.852,1584.418,0.73,39872.121,7.193,3.723
Lower-middle-income countries,2002,,2211922405.0,,1894.994,0.857,1628.04,0.736,41767.117,7.215,3.806
Lower-middle-income countries,2003,,2253565571.0,,1977.686,0.878,1714.995,0.761,43744.801,7.152,3.889
Lower-middle-income countries,2004,,2295613093.0,,2084.533,0.908,1819.828,0.793,45829.332,7.286,3.973
Lower-middle-income countries,2005,,2337232229.0,,2181.041,0.933,1935.645,0.828,48010.375,7.369,4.058
Lower-middle-income countries,2006,,2379086325.0,,2299.004,0.966,2012.773,0.846,50309.379,7.515,4.145
Lower-middle-income countries,2007,,2421832593.0,,2431.34,1.004,2192.276,0.905,52740.719,7.719,4.235
Lower-middle-income countries,2008,,2464297892.0,,2569.336,1.043,2348.519,0.953,55310.055,8.017,4.33
Lower-middle-income countries,2009,,2507036280.0,,2697.513,1.076,2506.945,1.0,58007.566,8.56,4.432
Lower-middle-income countries,2010,,2550520230.0,,2838.991,1.113,2621.614,1.028,60846.559,8.521,4.534
Lower-middle-income countries,2011,,2594096178.0,,3000.531,1.157,2752.852,1.061,63847.09,8.702,4.638
Lower-middle-income countries,2012,,2637381315.0,,3160.159,1.198,2926.799,1.11,67007.25,9.041,4.747
Lower-middle-income countries,2013,,2680848784.0,,3259.565,1.216,2870.632,1.071,70266.812,9.24,4.857
Lower-middle-income countries,2014,,2724066420.0,,3487.512,1.28,3163.195,1.161,73754.328,9.833,4.976
Lower-middle-income countries,2015,,2765984952.0,,3632.174,1.313,3322.01,1.201,77386.5,10.259,5.099
Lower-middle-income countries,2016,,2807490854.0,,3854.897,1.373,3515.132,1.252,81241.398,10.892,5.231
Lower-middle-income countries,2017,,2848767185.0,,4009.564,1.407,3657.737,1.284,85250.961,11.146,5.365
Lower-middle-income countries,2018,,2889324239.0,,4202.012,1.454,3834.821,1.327,89452.969,11.439,5.502
Lower-middle-income countries,2019,,2929401303.0,,4329.725,1.478,3935.853,1.344,93782.695,11.675,5.64
Lower-middle-income countries,2020,,2969245757.0,,4174.303,1.406,3783.072,1.274,97957.0,11.873,5.769
Lower-middle-income countries,2021,,3007019418.0,,4500.257,1.497,4062.599,1.351,102457.25,12.207,5.906
Lower-middle-income countries,2022,,3044254723.0,,4626.043,1.52,4123.689,1.355,107083.297,12.327,6.042
Lower-middle-income countries,2023,,3083154885.0,,4879.772,1.583,4319.187,1.401,111963.07,12.81,6.184
Lower-middle-income countries,2024,,3122339016.0,,5089.165,1.63,,,117052.234,13.185,6.33
Upper-middle-income countries,1850,,521962583.0,,0.037,0.0,,,0.061,0.019,0.001
Upper-middle-income countries,1851,,520703345.0,,,,,,,,
Upper-middle-income countries,1852,,518714950.0,,,,,,,,
Upper-middle-income countries,1853,,516004984.0,,,,,,,,
Upper-middle-income countries,1854,,513347233.0,,,,,,,,
Upper-middle-income countries,1855,,510741583.0,,0.112,0.0,,,0.173,0.043,0.003
Upper-middle-income countries,1856,,508187921.0,,0.697,0.001,,,0.87,0.25,0.014
Upper-middle-income countries,1857,,505686161.0,,0.758,0.002,,,1.628,0.27,0.025
Upper-middle-income countries,1858,,503236216.0,,0.914,0.002,,,2.542,0.32,0.038
Upper-middle-income countries,1859,,501093762.0,,0.938,0.002,,,3.48,0.31,0.049
Upper-middle-income countries,1860,,499253656.0,,1.067,0.002,,,4.548,0.321,0.062
Upper-middle-income countries,1861,,497720004.0,,1.288,0.003,,,5.835,0.369,0.075
Upper-middle-income countries,1862,,496486709.0,,1.373,0.003,,,7.209,0.386,0.089
Upper-middle-income countries,1863,,495543966.0,,1.24,0.003,,,8.449,0.327,0.1
Upper-middle-income countries,1864,,494627197.0,,1.595,0.003,,,10.043,0.389,0.113
Upper-middle-income countries,1865,,493728689.0,,1.853,0.004,,,11.896,0.426,0.128
Upper-middle-income countries,1866,,492846719.0,,2.764,0.006,,,14.661,0.616,0.15
Upper-middle-income countries,1867,,491987834.0,,2.703,0.005,,,17.363,0.562,0.169
Upper-middle-income countries,1868,,491149740.0,,2.816,0.006,,,20.18,0.569,0.188
Upper-middle-income countries,1869,,490943831.0,,3.053,0.006,,,23.233,0.582,0.206
Upper-middle-income countries,1870,,491383615.0,,3.229,0.007,,,26.462,0.602,0.224
Upper-middle-income countries,1871,,492450010.0,,3.953,0.008,,,30.415,0.694,0.246
Upper-middle-income countries,1872,,494174184.0,,4.283,0.009,,,34.698,0.679,0.267
Upper-middle-income countries,1873,,496527144.0,,4.331,0.009,,,39.029,0.646,0.285
Upper-middle-income countries,1874,,498892471.0,,4.565,0.009,,,43.593,0.726,0.305
Upper-middle-income countries,1875,,501297368.0,,4.799,0.01,,,48.393,0.705,0.323
Upper-middle-income countries,1876,,503721131.0,,5.003,0.01,,,53.395,0.724,0.341
Upper-middle-income countries,1877,,506133395.0,,5.255,0.01,,,58.65,0.746,0.358
Upper-middle-income countries,1878,,508550005.0,,6.181,0.012,,,64.831,0.871,0.379
Upper-middle-income countries,1879,,511012616.0,,6.111,0.012,,,70.942,0.804,0.397
Upper-middle-income countries,1880,,513552839.0,,6.716,0.013,,,77.657,0.782,0.415
Upper-middle-income countries,1881,,516184395.0,,7.197,0.014,,,84.854,0.81,0.433
Upper-middle-income countries,1882,,518901519.0,,7.486,0.014,,,92.341,0.798,0.45
Upper-middle-income countries,1883,,521688568.0,,8.557,0.016,,,100.898,0.858,0.469
Upper-middle-income countries,1884,,524500856.0,,9.048,0.017,,,109.946,0.896,0.488
Upper-middle-income countries,1885,,527391803.0,,9.701,0.018,,,119.647,0.953,0.508
Upper-middle-income countries,1886,,530276611.0,,9.866,0.019,,,129.513,0.955,0.527
Upper-middle-income countries,1887,,533199828.0,,11.058,0.021,,,140.571,1.02,0.548
Upper-middle-income countries,1888,,536131921.0,,11.846,0.022,,,152.417,0.986,0.567
Upper-middle-income countries,1889,,539262826.0,,13.632,0.025,,,166.049,1.134,0.591
Upper-middle-income countries,1890,,542615413.0,,14.38,0.027,,,180.429,1.1,0.614
Upper-middle-income countries,1891,,546149263.0,,16.106,0.03,,,196.535,1.176,0.639
Upper-middle-income countries,1892,,549886331.0,,18.383,0.033,,,214.918,1.332,0.669
Upper-middle-income countries,1893,,553839225.0,,21.253,0.038,,,236.171,1.559,0.705
Upper-middle-income countries,1894,,557851102.0,,23.119,0.041,,,259.29,1.637,0.743
Upper-middle-income countries,1895,,561934147.0,,26.387,0.047,,,285.677,1.764,0.785
Upper-middle-income countries,1896,,566023971.0,,28.068,0.05,,,313.745,1.816,0.827
Upper-middle-income countries,1897,,570179442.0,,31.508,0.055,,,345.252,1.947,0.872
Upper-middle-income countries,1898,,574378565.0,,35.709,0.062,,,380.961,2.092,0.923
Upper-middle-income countries,1899,,578715794.0,,39.364,0.068,,,420.325,2.111,0.974
Upper-middle-income countries,1900,,583148261.0,,38.918,0.067,,,459.244,1.983,1.018
Upper-middle-income countries,1901,,587661218.0,,43.407,0.074,,,502.65,2.143,1.067
Upper-middle-income countries,1902,,592275403.0,,44.555,0.075,,,547.205,2.145,1.112
Upper-middle-income countries,1903,,596974438.0,,48.925,0.082,,,596.131,2.16,1.158
Upper-middle-income countries,1904,,601708473.0,,54.811,0.091,,,650.942,2.393,1.211
Upper-middle-income countries,1905,,606477910.0,,56.002,0.092,,,706.944,2.295,1.258
Upper-middle-income countries,1906,,611283323.0,,63.803,0.104,,,770.747,2.503,1.312
Upper-middle-income countries,1907,,616141844.0,,90.243,0.147,,,860.99,3.107,1.396
Upper-middle-income countries,1908,,621053557.0,,94.647,0.153,,,955.637,3.392,1.483
Upper-middle-income countries,1909,,626307594.0,,100.568,0.161,,,1056.205,3.459,1.568
Upper-middle-income countries,1910,,631911560.0,,105.51,0.167,,,1161.714,3.459,1.65
Upper-middle-income countries,1911,,637850897.0,,113.325,0.178,,,1275.039,3.659,1.735
Upper-middle-income countries,1912,,644181145.0,,110.456,0.172,,,1385.495,3.395,1.805
Upper-middle-income countries,1913,,650884042.0,,129.471,0.199,,,1514.967,3.673,1.887
Upper-middle-income countries,1914,,657679549.0,,120.132,0.183,,,1635.099,3.757,1.959
Upper-middle-income countries,1915,,664571770.0,,115.683,0.174,,,1750.782,3.675,2.021
Upper-middle-income countries,1916,,671495459.0,,128.714,0.192,,,1879.495,3.785,2.088
Upper-middle-income countries,1917,,678412403.0,,138.227,0.204,,,2017.722,3.887,2.156
Upper-middle-income countries,1918,,685583130.0,,124.579,0.182,,,2142.302,3.553,2.207
Upper-middle-income countries,1919,,692469643.0,,142.069,0.205,,,2284.37,4.672,2.281
Upper-middle-income countries,1920,,699088324.0,,188.59,0.27,,,2472.961,5.317,2.385
Upper-middle-income countries,1921,,705306452.0,,199.997,0.284,,,2672.958,6.42,2.503
Upper-middle-income countries,1922,,711120510.0,,201.687,0.284,,,2874.645,6.178,2.612
Upper-middle-income countries,1923,,716542617.0,,208.802,0.292,,,3083.446,5.639,2.71
Upper-middle-income countries,1924,,722043748.0,,218.313,0.303,,,3301.76,5.875,2.811
Upper-middle-income countries,1925,,727625153.0,,209.182,0.288,,,3510.941,5.592,2.896
Upper-middle-income countries,1926,,733289283.0,,206.751,0.282,,,3717.692,5.622,2.977
Upper-middle-income countries,1927,,739037208.0,,209.176,0.283,,,3926.868,5.213,3.046
Upper-middle-income countries,1928,,744871454.0,,211.925,0.285,,,4138.794,5.303,3.114
Upper-middle-income countries,1929,,750977065.0,,220.832,0.294,,,4359.625,5.15,3.178
Upper-middle-income countries,1930,,757401345.0,,228.069,0.301,,,4587.695,5.762,3.25
Upper-middle-income countries,1931,,764142734.0,,228.278,0.299,,,4815.973,6.45,3.328
Upper-middle-income countries,1932,,771201961.0,,235.553,0.306,,,5051.526,7.378,3.416
Upper-middle-income countries,1933,,778535887.0,,256.918,0.33,,,5308.444,7.64,3.51
Upper-middle-income countries,1934,,785964357.0,,296.662,0.378,,,5605.105,8.114,3.619
Upper-middle-income countries,1935,,793490395.0,,331.943,0.419,,,5937.049,8.654,3.74
Upper-middle-income countries,1936,,801115876.0,,357.199,0.446,,,6294.248,8.489,3.863
Upper-middle-income countries,1937,,808841840.0,,379.557,0.47,,,6673.804,8.441,3.986
Upper-middle-income countries,1938,,816670502.0,,375.141,0.46,,,7048.946,8.869,4.106
Upper-middle-income countries,1939,,824699275.0,,396.207,0.481,,,7445.152,8.863,4.227
Upper-middle-income countries,1940,,832965921.0,,439.131,0.528,,,7884.283,8.99,4.355
Upper-middle-income countries,1941,,841481513.0,,427.041,0.508,,,8311.323,8.542,4.468
Upper-middle-income countries,1942,,850155078.0,,367.49,0.433,,,8678.813,7.376,4.544
Upper-middle-income countries,1943,,858791425.0,,368.274,0.429,,,9047.088,7.256,4.614
Upper-middle-income countries,1944,,867156429.0,,412.762,0.476,,,9459.851,7.995,4.701
Upper-middle-income countries,1945,,875650570.0,,387.852,0.443,,,9847.702,9.042,4.791
Upper-middle-income countries,1946,,884512636.0,,398.309,0.451,,,10246.011,8.643,4.876
Upper-middle-income countries,1947,,893926043.0,,450.483,0.504,,,10696.495,8.722,4.968
Upper-middle-income countries,1948,,903656201.0,,480.024,0.532,,,11176.519,8.811,5.063
Upper-middle-income countries,1949,,915603403.0,,471.148,0.515,,,11647.666,9.054,5.155
Upper-middle-income countries,1950,,927829961.0,,552.079,0.595,,,12199.745,9.309,5.261
Upper-middle-income countries,1951,,946591954.0,,620.591,0.656,,,12820.336,9.725,5.381
Upper-middle-income countries,1952,,967414416.0,,682.151,0.705,,,13502.486,10.547,5.517
Upper-middle-income countries,1953,,989662727.0,,705.199,0.713,,,14207.686,10.603,5.652
Upper-middle-income countries,1954,,1012417075.0,,772.628,0.763,,,14980.313,11.379,5.802
Upper-middle-income countries,1955,,1036444075.0,,899.782,0.868,,,15880.096,12.087,5.978
Upper-middle-income countries,1956,,1060530740.0,,991.845,0.935,,,16871.939,12.513,6.168
Upper-middle-income countries,1957,,1085862342.0,,1093.042,1.007,,,17964.982,13.353,6.377
Upper-middle-income countries,1958,,1111618973.0,,1394.173,1.254,,,19359.156,16.563,6.672
Upper-middle-income countries,1959,,1132405866.0,,1637.511,1.446,,,20996.666,18.492,7.022
Upper-middle-income countries,1960,,1147191622.0,,1756.677,1.531,,,22753.344,18.714,7.378
Upper-middle-income countries,1961,,1161210675.0,,1558.293,1.342,,,24311.637,16.551,7.65
Upper-middle-income countries,1962,,1183911757.0,,1491.861,1.26,,,25803.498,15.305,7.878
Upper-middle-income countries,1963,,1217144205.0,,1544.173,1.269,,,27347.668,15.04,8.095
Upper-middle-income countries,1964,,1251438013.0,,1631.213,1.304,,,28978.883,15.07,8.312
Upper-middle-income countries,1965,,1283912295.0,,1746.193,1.36,,,30725.076,15.439,8.536
Upper-middle-income countries,1966,,1316822564.0,,1876.477,1.425,,,32601.553,15.818,8.768
Upper-middle-income countries,1967,,1349885696.0,,1865.769,1.382,,,34467.324,15.246,8.974
Upper-middle-income countries,1968,,1384577933.0,,1991.043,1.438,,,36458.363,15.428,9.184
Upper-middle-income countries,1969,,1420600062.0,,2185.802,1.539,,,38644.168,15.883,9.409
Upper-middle-income countries,1970,,1456693473.0,,2505.436,1.72,,,41149.605,16.816,9.668
Upper-middle-income countries,1971,,1492553420.0,,2719.985,1.822,,,43869.59,17.544,9.945
Upper-middle-income countries,1972,,1527560619.0,,2869.543,1.879,,,46739.133,17.686,10.219
Upper-middle-income countries,1973,,1562045976.0,,3054.847,1.956,,,49793.977,17.888,10.495
Upper-middle-income countries,1974,,1595507284.0,,3156.543,1.978,,,52950.52,18.57,10.775
Upper-middle-income countries,1975,,1627342571.0,,3389.974,2.083,,,56340.496,19.955,11.082
Upper-middle-income countries,1976,,1658006259.0,,3577.541,2.158,,,59918.035,20.028,11.385
Upper-middle-income countries,1977,,1687818432.0,,3798.818,2.251,,,63716.852,20.693,11.699
Upper-middle-income countries,1978,,1717294143.0,,4087.761,2.38,,,67804.617,21.487,12.029
Upper-middle-income countries,1979,,1747437825.0,,4209.14,2.409,,,72013.75,21.576,12.349
Upper-middle-income countries,1980,,1778698349.0,,4243.259,2.386,,,76257.008,21.861,12.655
Upper-middle-income countries,1981,,1811655794.0,,4209.323,2.324,,,80466.336,22.295,12.948
Upper-middle-income countries,1982,,1846182616.0,,4433.509,2.402,,,84899.852,23.671,13.262
Upper-middle-income countries,1983,,1880139880.0,,4568.922,2.43,,,89468.766,24.172,13.575
Upper-middle-income countries,1984,,1913689032.0,,4792.184,2.504,,,94260.953,24.629,13.892
Upper-middle-income countries,1985,,1948314069.0,,5114.714,2.625,,,99375.672,25.39,14.223
Upper-middle-income countries,1986,,1984336831.0,,5299.506,2.671,,,104675.172,25.93,14.556
Upper-middle-income countries,1987,,2021851155.0,,5511.91,2.726,,,110187.078,26.115,14.885
Upper-middle-income countries,1988,,2059210641.0,,5783.85,2.809,,,115970.93,26.388,15.216
Upper-middle-income countries,1989,,2096075553.0,,5824.869,2.779,,,121795.797,26.238,15.528
Upper-middle-income countries,1990,,2133212546.0,,5884.587,2.759,5215.698,2.445,127680.391,25.887,15.82
Upper-middle-income countries,1991,,2167382314.0,,5992.938,2.765,5279.273,2.436,133673.328,25.825,16.099
Upper-middle-income countries,1992,,2197406055.0,,6069.856,2.762,5440.132,2.476,139743.188,26.953,16.386
Upper-middle-income countries,1993,,2225369861.0,,6226.802,2.798,5611.207,2.522,145969.984,27.371,16.671
Upper-middle-income countries,1994,,2251652283.0,,6365.352,2.827,5510.807,2.448,152335.328,27.706,16.954
Upper-middle-income countries,1995,,2277401663.0,,6687.493,2.937,5778.903,2.538,159022.828,28.437,17.247
Upper-middle-income countries,1996,,2302891501.0,,6899.219,2.996,6055.793,2.63,165922.047,28.47,17.534
Upper-middle-income countries,1997,,2327613637.0,,7014.104,3.014,6096.454,2.619,172936.156,28.77,17.816
Upper-middle-income countries,1998,,2351662004.0,,6883.152,2.927,5904.928,2.511,179819.297,28.331,18.073
Upper-middle-income countries,1999,,2375149846.0,,7121.256,2.998,6160.46,2.594,186940.562,28.671,18.331
Upper-middle-income countries,2000,,2398658002.0,,7275.023,3.033,6164.901,2.57,194215.578,28.517,18.58
Upper-middle-income countries,2001,,2421698836.0,,7431.237,3.069,6318.588,2.609,201646.812,28.923,18.828
Upper-middle-income countries,2002,,2443169936.0,,7854.075,3.215,6566.925,2.688,209500.891,29.903,19.093
Upper-middle-income countries,2003,,2464250116.0,,8815.91,3.578,7189.606,2.918,218316.797,31.881,19.407
Upper-middle-income countries,2004,,2485797097.0,,9388.462,3.777,7610.542,3.062,227705.25,32.815,19.74
Upper-middle-income countries,2005,,2507751547.0,,10168.379,4.055,8146.421,3.249,237873.641,34.354,20.105
Upper-middle-income countries,2006,,2529346002.0,,10921.29,4.318,8788.791,3.475,248794.938,35.697,20.498
Upper-middle-income countries,2007,,2550034553.0,,11512.429,4.515,9443.982,3.704,260307.375,36.548,20.904
Upper-middle-income countries,2008,,2571616096.0,,12161.976,4.73,9984.168,3.883,272469.344,37.947,21.332
Upper-middle-income countries,2009,,2594532094.0,,12498.653,4.818,10661.697,4.11,284968.0,39.662,21.773
Upper-middle-income countries,2010,,2617657240.0,,13483.229,5.151,11475.465,4.384,298451.219,40.469,22.237
Upper-middle-income countries,2011,,2640400163.0,,14572.88,5.52,12487.064,4.73,313024.094,42.265,22.739
Upper-middle-income countries,2012,,2664517398.0,,15001.586,5.631,13051.358,4.899,328025.688,42.917,23.239
Upper-middle-income countries,2013,,2689585465.0,,15252.664,5.671,13390.424,4.979,343278.344,43.238,23.726
Upper-middle-income countries,2014,,2713983279.0,,15393.135,5.672,13506.483,4.977,358671.469,43.403,24.197
Upper-middle-income countries,2015,,2737646890.0,,15250.371,5.571,13551.285,4.95,373921.875,43.076,24.638
Upper-middle-income countries,2016,,2759890904.0,,15138.848,5.486,13308.169,4.822,389060.688,42.774,25.051
Upper-middle-income countries,2017,,2781778743.0,,15493.023,5.57,13696.359,4.924,404553.719,43.067,25.459
Upper-middle-income countries,2018,,2801804568.0,,15891.828,5.673,14160.141,5.054,420445.562,43.262,25.861
Upper-middle-income countries,2019,,2818594893.0,,16385.607,5.814,14623.644,5.189,436831.156,44.182,26.27
Upper-middle-income countries,2020,,2832101028.0,,16241.722,5.735,14463.931,5.108,453072.875,46.196,26.682
Upper-middle-income countries,2021,,2841892610.0,,16916.74,5.953,14930.748,5.254,469989.625,45.886,27.09
Upper-middle-income countries,2022,,2847730001.0,,17458.07,6.131,15307.83,5.376,487447.688,46.52,27.502
Upper-middle-income countries,2023,,2852870890.0,,18031.051,6.321,15876.046,5.566,505478.75,47.333,27.919
Upper-middle-income countries,2024,,2860329839.0,,18237.494,6.377,,,523716.219,47.249,28.322
World,1850,,1275602897.0,1546684371847.0,196.848,0.154,,,4769.853,100.0,100.0
World,1851,,1278768180.0,,198.779,0.155,,,4968.631,100.0,100.0
World,1852,,1281158448.0,,207.595,0.162,,,5176.226,100.0,100.0
World,1853,,1282781891.0,,217.237,0.169,,,5393.463,100.0,100.0
World,1854,,1284514999.0,,255.039,0.199,,,5648.502,100.0,100.0
World,1855,,1286359120.0,,260.26,0.202,,,5908.762,100.0,100.0
World,1856,,1288315736.0,,278.246,0.216,,,6187.007,100.0,100.0
World,1857,,1290386388.0,,281.181,0.218,,,6468.188,100.0,100.0
World,1858,,1292572700.0,,285.548,0.221,,,6753.737,100.0,100.0
World,1859,,1295121860.0,,302.572,0.234,,,7056.309,100.0,100.0
World,1860,,1298027373.0,,332.298,0.256,,,7388.607,100.0,100.0
World,1861,,1301279942.0,,349.19,0.268,,,7737.798,100.0,100.0
World,1862,,1304883100.0,,355.991,0.273,,,8093.789,100.0,100.0
World,1863,,1308825538.0,,379.535,0.29,,,8473.323,100.0,100.0
World,1864,,1312850777.0,,409.525,0.312,,,8882.849,100.0,100.0
World,1865,,1316952210.0,,434.851,0.33,,,9317.7,100.0,100.0
World,1866,,1321129252.0,,449.067,0.34,,,9766.768,100.0,100.0
World,1867,,1325389634.0,,480.814,0.363,,,10247.581,100.0,100.0
World,1868,,1329732282.0,,494.494,0.372,,,10742.074,100.0,100.0
World,1869,,1334654211.0,,524.731,0.393,,,11266.806,100.0,100.0
World,1870,,1340168478.0,1963042985387.0,536.123,0.4,,,11802.929,100.0,100.0
World,1871,,1346202715.0,,569.777,0.423,,,12372.705,100.0,100.0
World,1872,,1352896118.0,,630.961,0.466,,,13003.667,100.0,100.0
World,1873,,1360163018.0,,670.467,0.493,,,13674.135,100.0,100.0
World,1874,,1367501771.0,,628.662,0.46,,,14302.797,100.0,100.0
World,1875,,1374940414.0,,681.048,0.495,,,14983.845,100.0,100.0
World,1876,,1382459121.0,,690.583,0.5,,,15674.428,100.0,100.0
World,1877,,1390028839.0,,704.033,0.506,,,16378.46,100.0,100.0
World,1878,,1397666358.0,,709.65,0.508,,,17088.109,100.0,100.0
World,1879,,1405838237.0,,759.794,0.54,,,17847.904,100.0,100.0
World,1880,,1414583216.0,,858.228,0.607,,,18706.131,100.0,100.0
World,1881,,1423919001.0,,888.173,0.624,,,19594.303,100.0,100.0
World,1882,,1433850986.0,,938.158,0.654,,,20532.461,100.0,100.0
World,1883,,1444371648.0,,997.862,0.691,,,21530.324,100.0,100.0
World,1884,,1455021634.0,,1009.762,0.694,,,22540.088,100.0,100.0
World,1885,,1465857041.0,,1017.489,0.694,,,23557.576,100.0,100.0
World,1886,,1476798447.0,,1032.987,0.699,,,24590.562,100.0,100.0
World,1887,,1487893376.0,,1084.283,0.729,,,25674.846,100.0,100.0
World,1888,,1499115427.0,,1201.342,0.801,,,26876.189,100.0,100.0
World,1889,,1510109709.0,,1202.098,0.796,,,28078.285,100.0,100.0
World,1890,,1520891633.0,,1307.255,0.86,,,29385.541,100.0,100.0
World,1891,,1531425085.0,,1369.598,0.894,,,30755.139,100.0,100.0
World,1892,,1541712153.0,,1380.536,0.895,,,32135.676,100.0,100.0
World,1893,,1551756342.0,,1363.18,0.878,,,33498.855,100.0,100.0
World,1894,,1561938512.0,,1412.227,0.904,,,34911.086,100.0,100.0
World,1895,,1572272041.0,,1495.964,0.951,,,36407.047,100.0,100.0
World,1896,,1582693744.0,,1545.451,0.976,,,37952.496,100.0,100.0
World,1897,,1593261169.0,,1618.405,1.016,,,39570.902,100.0,100.0
World,1898,,1603953574.0,,1706.967,1.064,,,41277.871,100.0,100.0
World,1899,,1615300901.0,,1864.424,1.154,,,43142.293,100.0,100.0
World,1900,,1627273655.0,3503708270156.0,1962.884,1.206,,,45105.176,100.0,100.0
World,1901,,1639887187.0,,2025.628,1.235,,,47130.805,100.0,100.0
World,1902,,1653151632.0,,2076.956,1.256,,,49207.762,100.0,100.0
World,1903,,1667064512.0,,2264.592,1.358,,,51472.352,100.0,100.0
World,1904,,1681154888.0,,2290.255,1.362,,,53762.609,100.0,100.0
World,1905,,1695427510.0,,2440.571,1.44,,,56203.18,100.0,100.0
World,1906,,1709887300.0,,2548.978,1.491,,,58752.156,100.0,100.0
World,1907,,1724558347.0,,2904.949,1.684,,,61657.105,100.0,100.0
World,1908,,1739441480.0,,2790.395,1.604,,,64447.5,100.0,100.0
World,1909,,1753729257.0,,2907.112,1.658,,,67354.609,100.0,100.0
World,1910,,1767417985.0,,3050.273,1.726,,,70404.883,100.0,100.0
World,1911,,1780422213.0,,3097.207,1.74,,,73502.094,100.0,100.0
World,1912,,1792912374.0,,3253.929,1.815,,,76756.023,100.0,100.0
World,1913,,1804803374.0,,3524.846,1.953,,,80280.867,100.0,100.0
World,1914,,1816884694.0,,3197.75,1.76,,,83478.617,100.0,100.0
World,1915,,1829102909.0,,3148.031,1.721,,,86626.648,100.0,100.0
World,1916,,1841395693.0,,3400.232,1.847,,,90026.875,100.0,100.0
World,1917,,1853777065.0,,3556.499,1.919,,,93583.375,100.0,100.0
World,1918,,1866778878.0,,3506.085,1.878,,,97089.461,100.0,100.0
World,1919,,1880624916.0,,3041.113,1.617,,,100130.578,100.0,100.0
World,1920,,1895426673.0,4824948231242.0,3546.758,1.871,,,103677.336,100.0,100.0
World,1921,,1910916276.0,,3114.994,1.63,,,106792.328,100.0,100.0
World,1922,,1927207651.0,,3264.717,1.694,,,110057.047,100.0,100.0
World,1923,,1944216846.0,,3702.996,1.905,,,113760.039,100.0,100.0
World,1924,,1961489200.0,,3716.143,1.895,,,117476.18,100.0,100.0
World,1925,,1979027667.0,,3740.633,1.89,,,121216.82,100.0,100.0
World,1926,,1996813608.0,,3677.407,1.842,,,124894.227,100.0,100.0
World,1927,,2014848732.0,,4012.947,1.992,,,128907.172,100.0,100.0
World,1928,,2033160306.0,,3996.311,1.966,,,132903.484,100.0,100.0
World,1929,,2052125441.0,,4288.21,2.09,,,137191.688,100.0,100.0
World,1930,,2071786711.0,,3958.094,1.91,,,141149.781,100.0,100.0
World,1931,,2092158599.0,,3539.319,1.692,,,144689.109,100.0,100.0
World,1932,,2113215566.0,,3192.59,1.511,,,147881.688,100.0,100.0
World,1933,,2134919626.0,,3362.682,1.575,,,151244.375,100.0,100.0
World,1934,,2156892673.0,,3656.186,1.695,,,154900.562,100.0,100.0
World,1935,,2179140887.0,,3835.741,1.76,,,158736.297,100.0,100.0
World,1936,,2201762907.0,,4207.929,1.911,,,162944.234,100.0,100.0
World,1937,,2224730578.0,,4496.713,2.021,,,167440.938,100.0,100.0
World,1938,,2248127325.0,,4229.617,1.881,,,171670.562,100.0,100.0
World,1939,,2270675197.0,,4470.132,1.969,,,176140.703,100.0,100.0
World,1940,,2291979566.0,7646890024327.0,4884.662,2.131,,,181025.359,100.0,100.0
World,1941,,2312098978.0,,4999.09,2.162,,,186024.438,100.0,100.0
World,1942,,2331135363.0,,4982.523,2.137,,,191006.969,100.0,100.0
World,1943,,2349014611.0,,5075.272,2.161,,,196082.234,100.0,100.0
World,1944,,2366918849.0,,5162.486,2.181,,,201244.719,100.0,100.0
World,1945,,2384671779.0,,4289.312,1.799,,,205534.031,100.0,100.0
World,1946,,2402301767.0,,4608.545,1.918,,,210142.578,100.0,100.0
World,1947,,2421291820.0,,5165.204,2.133,,,215307.781,100.0,100.0
World,1948,,2441897177.0,,5447.883,2.231,,,220755.672,100.0,100.0
World,1949,,2467923023.0,,5204.033,2.109,,,225959.703,100.0,100.0
World,1950,,2493092852.0,8461551701531.0,5930.406,2.379,,,231890.109,100.0,100.0
World,1951,,2536927034.0,,6381.651,2.516,,,238271.75,100.0,100.0
World,1952,,2584086340.0,,6467.7,2.503,,,244739.453,100.0,100.0
World,1953,,2634106241.0,,6651.039,2.525,,,251390.484,100.0,100.0
World,1954,,2685894857.0,,6789.734,2.528,,,258180.234,100.0,100.0
World,1955,,2740213796.0,,7444.103,2.717,,,265624.344,100.0,100.0
World,1956,,2795409991.0,,7926.275,2.835,,,273550.594,100.0,100.0
World,1957,,2852618331.0,,8185.976,2.87,,,281736.562,100.0,100.0
World,1958,,2911249671.0,,8417.517,2.891,,,290154.094,100.0,100.0
World,1959,,2965950350.0,,8855.112,2.986,,,299009.219,100.0,100.0
World,1960,,3015470889.0,13338076573731.0,9386.951,3.113,,,308396.156,100.0,100.0
World,1961,,3064869675.0,,9414.99,3.072,,,317811.156,100.0,100.0
World,1962,,3123374312.0,,9747.241,3.121,,,327558.406,100.0,100.0
World,1963,,3192807826.0,,10266.777,3.216,,,337825.156,100.0,100.0
World,1964,,3264487343.0,,10824.47,3.316,,,348649.656,100.0,100.0
World,1965,,3334533710.0,,11310.603,3.392,,,359960.25,100.0,100.0
World,1966,,3404041131.0,,11862.625,3.485,,,371822.875,100.0,100.0
World,1967,,3473412877.0,,12237.371,3.523,,,384060.219,100.0,100.0
World,1968,,3545187246.0,,12905.273,3.64,,,396965.5,100.0,100.0
World,1969,,3619491581.0,,13761.798,3.802,,,410727.312,100.0,100.0
World,1970,,3694683794.0,21941934246399.0,14899.139,4.033,,,425626.469,100.0,100.0
World,1971,,3769847867.0,,15503.862,4.113,,,441130.312,100.0,100.0
World,1972,,3844917684.0,,16224.579,4.22,,,457354.906,100.0,100.0
World,1973,,3920805041.0,,17077.285,4.356,,,474432.188,100.0,100.0
World,1974,,3996416100.0,,16997.912,4.253,,,491430.094,100.0,100.0
World,1975,,4070735279.0,,16988.477,4.173,,,508418.562,100.0,100.0
World,1976,,4144246382.0,,17862.492,4.31,,,526281.062,100.0,100.0
World,1977,,4217863796.0,,18358.039,4.352,,,544639.062,100.0,100.0
World,1978,,4292097499.0,,19024.742,4.433,,,563663.875,100.0,100.0
World,1979,,4368539520.0,,19508.59,4.466,,,583172.438,100.0,100.0
World,1980,,4447606240.0,31982615792285.0,19409.793,4.364,,,602582.25,100.0,100.0
World,1981,,4528777306.0,,18879.756,4.169,,,621461.938,100.0,100.0
World,1982,,4612673415.0,,18729.742,4.06,,,640191.688,100.0,100.0
World,1983,,4697327573.0,,18901.775,4.024,,,659093.5,100.0,100.0
World,1984,,4782175518.0,,19457.25,4.069,,,678550.75,100.0,100.0
World,1985,,4868943457.0,,20144.863,4.137,,,698695.625,100.0,100.0
World,1986,,4958072839.0,,20438.045,4.122,,,719133.688,100.0,100.0
World,1987,,5049746390.0,,21106.189,4.18,,,740239.875,100.0,100.0
World,1988,,5141992540.0,,21918.756,4.263,,,762158.562,100.0,100.0
World,1989,,5234431736.0,,22200.213,4.241,,,784358.812,100.0,100.0
World,1990,,5327803106.0,43033605109062.0,22732.145,4.267,22732.143,4.267,807091.0,100.0,100.0
World,1991,,5418735886.0,,23205.592,4.282,23205.592,4.282,830296.562,100.0,100.0
World,1992,,5505989815.0,,22520.424,4.09,22520.424,4.09,852816.938,100.0,100.0
World,1993,,5591544802.0,,22749.873,4.069,22749.873,4.069,875566.875,100.0,100.0
World,1994,,5675551258.0,,22974.598,4.048,22974.6,4.048,898541.438,100.0,100.0
World,1995,,5758878977.0,,23516.639,4.084,23516.637,4.084,922058.125,100.0,100.0
World,1996,,5842055730.0,,24233.477,4.148,24233.477,4.148,946291.562,100.0,100.0
World,1997,,5924787819.0,,24380.322,4.115,24380.322,4.115,970671.938,100.0,100.0
World,1998,,6007066691.0,,24295.713,4.045,24295.715,4.045,994967.625,100.0,100.0
World,1999,,6089006328.0,,24837.771,4.079,24837.771,4.079,1019805.375,100.0,100.0
World,2000,,6171702992.0,59897670914608.0,25511.482,4.134,25511.482,4.134,1045316.812,100.0,100.0
World,2001,,6254936464.0,,25692.994,4.108,25692.994,4.108,1071009.875,100.0,100.0
World,2002,,6337730343.0,,26265.332,4.144,26265.332,4.144,1097275.125,100.0,100.0
World,2003,,6420361633.0,,27652.691,4.307,27652.691,4.307,1124927.875,100.0,100.0
World,2004,,6503377774.0,,28610.023,4.399,28610.023,4.399,1153537.875,100.0,100.0
World,2005,,6586970132.0,,29598.951,4.494,29598.951,4.494,1183136.875,100.0,100.0
World,2006,,6671452019.0,,30594.152,4.586,30594.152,4.586,1213731.0,100.0,100.0
World,2007,,6757308776.0,,31499.256,4.662,31499.254,4.662,1245230.25,100.0,100.0
World,2008,,6844457659.0,,32049.66,4.683,32049.66,4.683,1277279.875,100.0,100.0
World,2009,,6932766416.0,,31513.014,4.546,31513.012,4.546,1308793.0,100.0,100.0
World,2010,,7021732143.0,89807710403740.0,33317.672,4.745,33317.676,4.745,1342110.5,100.0,100.0
World,2011,,7110923773.0,,34479.988,4.849,34479.988,4.849,1376590.625,100.0,100.0
World,2012,,7201202478.0,,34954.734,4.854,34954.734,4.854,1411545.25,100.0,100.0
World,2013,,7291793585.0,,35275.82,4.838,35275.816,4.838,1446821.125,100.0,100.0
World,2014,,7381616239.0,,35465.695,4.805,35465.695,4.805,1482286.875,100.0,100.0
World,2015,,7470491876.0,106871829405667.0,35403.527,4.739,35403.531,4.739,1517690.375,100.0,100.0
World,2016,,7558554527.0,110407200853028.0,35392.832,4.682,35392.832,4.682,1553083.125,100.0,100.0
World,2017,,7645617952.0,114529588369027.0,35974.609,4.705,35974.605,4.705,1589057.75,100.0,100.0
World,2018,,7729902779.0,118765812557841.0,36734.004,4.752,36734.004,4.752,1625791.75,100.0,100.0
World,2019,,7811293699.0,122149370355621.0,37086.566,4.748,37086.566,4.748,1662878.375,100.0,100.0
World,2020,,7887001289.0,118590021803593.0,35158.23,4.458,35158.23,4.458,1698036.625,100.0,100.0
World,2021,,7954448387.0,126004793520756.0,36866.863,4.635,36866.863,4.635,1734903.5,100.0,100.0
World,2022,,8021407196.0,130112562171125.0,37527.773,4.678,37527.773,4.678,1772431.25,100.0,100.0
World,2023,,8091734933.0,,38094.039,4.708,38094.039,4.708,1810525.375,100.0,100.0
World,2024,,8161972574.0,,38598.578,4.729,38598.578,4.729,1849123.875,100.0,100.0
