country,year,iso_code,population,gdp,co2,co2_per_capita,consumption_co2,consumption_co2_per_capita,cumulative_co2,share_global_co2,share_global_cumulative_co2,share_population,fair_share_ratio,trade_gap_pct,times_world_avg
Afghanistan,2023,AFG,41454762.0,,10.516,0.254,,,231.809,0.028,0.013,0.5123099353012384,0.02537526427699669,,0.05395072217502124
Albania,2023,ALB,2811660.0,,4.417,1.571,5.382,1.914,303.494,0.012,0.017,0.0347473072620482,0.48924654425143865,21.84740774281186,0.3336873406966865
Algeria,2023,DZA,46164222.0,,202.847,4.394,,,5278.365,0.532,0.292,0.5705108037057842,0.5118220340496586,,0.933305012744265
Andorra,2023,AND,80869.0,,0.418,5.17,,,16.23,0.001,0.001,0.0009994024849998135,1.0005978722378168,,1.0981308411214952
Angola,2023,AGO,36749909.0,,21.675,0.59,,,717.254,0.057,0.04,0.454166001534791,0.08807352348001733,,0.12531860662701783
Anguilla,2023,AIA,14435.0,,0.143,9.879,,,3.44,0.0,0.0,0.00017839190383178114,0.0,,2.0983432455395072
Antarctica,2023,ATA,,,0.0,,,,0.154,0.0,0.0,,,,
Antigua and Barbuda,2023,ATG,93331.0,,0.641,6.863,,,26.255,0.002,0.001,0.0011534114843452694,0.8669932747961557,,1.457731520815633
Argentina,2023,ARG,45538402.0,,178.407,3.918,185.666,4.077,8980.478,0.468,0.496,0.5627767391920325,0.8813441733787672,4.068786538644776,0.8322005097706032
Armenia,2023,ARM,2943398.0,,7.43,2.524,7.674,2.607,399.259,0.02,0.022,0.03637536355764855,0.6048049517122728,3.2839838492597666,0.536108751062022
Aruba,2023,ABW,107946.0,,0.887,8.213,,,74.848,0.002,0.004,0.0013340278802234462,2.998438083115632,,1.7444774851316904
Australia,2023,AUS,26451126.0,,384.316,14.529,372.151,14.069,19652.938,1.009,1.085,0.32689066336226713,3.3191526146391648,-3.1653639192747542,3.086023789294817
Austria,2023,AUT,9130434.0,,56.909,6.233,76.469,8.375,5693.295,0.149,0.314,0.11283654340633355,2.7827864140543594,34.37066193396474,1.3239167374681393
Azerbaijan,2023,AZE,10318209.0,,42.748,4.143,40.838,3.958,2597.308,0.112,0.143,0.1275154102974866,1.1214330853532815,-4.468045288668468,0.8799915038232794
Bahamas,2023,BHS,399452.0,,2.956,7.4,,,177.49,0.008,0.01,0.004936543316204547,2.0257089545176896,,1.5717926932880204
Bahrain,2023,BHR,1569674.0,,38.787,24.71,22.064,14.056,1073.189,0.102,0.059,0.019398485157966557,3.0414746058544635,-43.11496119833965,5.248513169073917
Bangladesh,2023,BGD,171466986.0,,104.527,0.61,167.859,0.979,1892.648,0.274,0.105,2.1190385920912616,0.049550772879684256,60.58913008122304,0.12956669498725573
Barbados,2023,BRB,282347.0,,1.317,4.664,,,62.51,0.003,0.003,0.0034893258656870044,0.8597649275182665,,0.9906542056074765
Belarus,2023,BLR,9115679.0,,55.736,6.114,62.548,6.862,5128.413,0.146,0.283,0.11265419684997485,2.5121123572242943,12.221903258217319,1.2986406117247238
Belgium,2023,BEL,11712891.0,,84.703,7.232,196.605,16.785,12820.729,0.222,0.708,0.1447512937211039,4.891147994601845,132.11102322231795,1.5361087510620222
Belize,2023,BLZ,411112.0,,0.766,1.864,,,21.722,0.002,0.001,0.005080640967654396,0.19682555928797993,,0.3959218351741716
Benin,2023,BEN,14111035.0,,5.928,0.42,8.434,0.598,122.316,0.016,0.007,0.17438825068838917,0.04014031892841312,42.27395411605937,0.08920985556499575
Bermuda,2023,BMU,64721.0,,0.53,8.184,,,30.475,0.001,0.002,0.0007998408318598343,2.50049749942059,,1.7383177570093455
Bhutan,2023,BTN,786386.0,,1.63,2.072,,,28.14,0.004,0.002,0.009718385568871427,0.20579549821588888,,0.44010195412064573
Bolivia,2023,BOL,12244161.0,,24.621,2.011,25.628,2.093,612.476,0.065,0.034,0.15131688199604054,0.22469402984981987,4.090004467730806,0.42714528462192014
Bonaire Sint Eustatius and Saba,2023,BES,29920.0,,0.146,4.889,,,10.475,0.0,0.001,0.00036976001126753666,2.70445686263369,,1.038445199660153
Bosnia and Herzegovina,2023,BIH,3185072.0,,19.881,6.242,,,1024.062,0.052,0.057,0.039362040728874184,1.448095651153255,,1.3258283772302464
Botswana,2023,BWA,2480242.0,,7.249,2.923,14.509,5.85,176.874,0.019,0.01,0.03065154778964631,0.3262477989244598,100.15174506828531,0.620858113848768
Brazil,2023,BRA,211140731.0,,483.992,2.292,469.989,2.226,17715.695,1.271,0.978,2.6093382043314146,0.37480768049789503,-2.8932296401593502,0.48683092608326245
British Virgin Islands,2023,VGB,39009.0,,0.185,4.752,,,6.069,0.0,0.0,0.0004820845013213682,0.0,,1.0093457943925233
Brunei,2023,BRN,458959.0,,12.503,27.241,8.876,19.34,415.71,0.033,0.023,0.005671948028453788,4.055044207848631,-29.009037830920587,5.786108751062022
Bulgaria,2023,BGR,6795805.0,,34.501,5.077,35.31,5.196,3952.575,0.091,0.218,0.08398452317419726,2.595716350592755,2.34485956928786,1.078377230246389
Burkina Faso,2023,BFA,23025777.0,,6.308,0.274,5.801,0.252,89.282,0.017,0.005,0.28455920999210516,0.017571035568093966,-8.037412809131258,0.05819881053525913
Burundi,2023,BDI,13689455.0,,0.901,0.066,,,15.771,0.002,0.001,0.16917824314994773,0.005910925550359748,,0.014018691588785047
Cambodia,2023,KHM,17423884.0,,21.412,1.229,39.064,2.242,229.727,0.056,0.013,0.21532939652955385,0.06037262078248455,82.43975340930321,0.26104502973661853
Cameroon,2023,CMR,28372690.0,,9.695,0.342,10.384,0.366,299.614,0.025,0.017,0.3506379068880456,0.04848306377047789,7.106756059824653,0.07264231096006797
Canada,2023,CAN,39299098.0,,545.479,13.88,519.943,13.23,35110.789,1.432,1.939,0.48566961628623084,3.992425992852813,-4.6813901176764015,2.948173322005098
Cape Verde,2023,CPV,522335.0,,0.571,1.094,,,16.323,0.002,0.001,0.006455166961411389,0.15491466076368615,,0.23237043330501275
Central African Republic,2023,CAF,5152415.0,,0.389,0.076,,,11.946,0.001,0.001,0.06367503437349682,0.015704742209235862,,0.01614273576890399
Chad,2023,TCD,19319075.0,,2.848,0.147,,,48.512,0.007,0.003,0.23875071489566796,0.012565407401234274,,0.03122344944774851
Chile,2023,CHL,19658833.0,,77.604,3.948,88.157,4.484,3246.126,0.204,0.179,0.24294954249955286,0.7367785020641866,13.59852584918303,0.8385726423109601
China,2023,CHN,1422584930.0,,12172.009,8.556,10857.025,7.632,272798.0,31.953,15.067,17.58071590059585,0.8570185699599039,-10.803343967294145,1.8173322005097703
Christmas Island,2023,CXR,,,0.0,,,,1.33,0.0,0.0,,,,
Colombia,2023,COL,52321152.0,,89.992,1.72,104.465,1.997,3709.388,0.236,0.205,0.6465999249014204,0.31704303094568714,16.0825406702818,0.36533559898045875
Comoros,2023,COM,850390.0,,0.542,0.638,,,6.962,0.001,0.0,0.010509365507413118,0.0,,0.13551401869158877
Congo,2023,COG,6182890.0,,8.274,1.338,,,182.238,0.022,0.01,0.07640994238188302,0.13087302107913937,,0.28419711129991504
Cook Islands,2023,COK,14244.0,,0.077,5.376,,,2.605,0.0,0.0,0.00017603147060477246,0.0,,1.1418861512319456
Costa Rica,2023,CRI,5105526.0,,8.473,1.659,14.692,2.878,277.043,0.022,0.015,0.06309556655369991,0.23773461146804462,73.39785200047207,0.3523789294817332
Cote d'Ivoire,2023,CIV,31165653.0,,14.052,0.451,17.865,0.573,385.282,0.037,0.021,0.38515415121791907,0.05452362368053061,27.134927412467967,0.09579439252336448
Croatia,2023,HRV,3896023.0,,18.468,4.74,23.711,6.086,1166.224,0.048,0.064,0.04814817875596865,1.329229924238127,28.389646956898414,1.0067969413763806
Cuba,2023,CUB,11019932.0,,23.47,2.13,,,1789.671,0.062,0.099,0.13618750603233584,0.7269389306277025,,0.45242141036533556
Curacao,2023,CUW,185437.0,,2.205,11.89,,,529.684,0.006,0.029,0.0022916840644859023,12.654449384804543,,2.5254885301614274
Cyprus,2023,CYP,1344981.0,,7.188,5.344,8.624,6.412,314.253,0.019,0.017,0.016621664094740064,1.0227616141863716,19.977740678909306,1.135089209855565
Czechia,2023,CZE,10809722.0,,83.232,7.7,100.025,9.253,12256.162,0.218,0.677,0.13358967007082015,5.067757107575015,20.17613417916187,1.6355140186915889
Democratic Republic of Congo,2023,COD,105789733.0,,5.881,0.056,,,232.795,0.015,0.013,1.3073801091600834,0.009943550394346868,,0.0118946474086661
Denmark,2023,DNK,5948134.0,,28.831,4.847,49.471,8.317,4171.292,0.076,0.23,0.07350875985497386,3.1288787955853046,71.5896084076168,1.0295242141036534
Djibouti,2023,DJI,1152951.0,,0.558,0.484,,,20.557,0.001,0.001,0.01424850182991035,0.07018281724895507,,0.102803738317757
Dominica,2023,DMA,66531.0,,0.165,2.473,,,5.323,0.0,0.0,0.0008222093352152567,0.0,,0.5252761257434154
Dominican Republic,2023,DOM,11331269.0,,31.829,2.809,40.438,3.569,836.023,0.084,0.046,0.140035098700384,0.32848907471705063,27.04766093813818,0.596644010195412
East Timor,2023,TLS,1384292.0,,0.637,0.46,,,11.469,0.002,0.001,0.017107480799383717,0.05845396009656923,,0.09770603228547153
Ecuador,2023,ECU,17980079.0,,44.6,2.481,48.898,2.72,1345.216,0.117,0.074,0.22220301516147054,0.33302878426841176,9.636771300448434,0.5269753610875105
Egypt,2023,EGY,114535772.0,,250.23,2.185,253.428,2.213,7213.122,0.657,0.398,1.4154661880098933,0.2811794470057791,1.278024217719701,0.4641036533559898
El Salvador,2023,SLV,6309629.0,,8.67,1.374,11.255,1.784,255.602,0.023,0.014,0.07797621959003931,0.17954191769753816,29.815455594002316,0.29184367034834324
Equatorial Guinea,2023,GNQ,1847556.0,,6.913,3.742,,,156.373,0.018,0.009,0.0228326312626138,0.39417270381520236,,0.7948173322005098
Eritrea,2023,ERI,3470391.0,,0.731,0.211,,,18.36,0.002,0.001,0.04288809542990501,0.023316493539200626,,0.04481733220050977
Estonia,2023,EST,1367195.0,,8.744,6.396,12.585,9.205,1660.145,0.023,0.092,0.016896191129843575,5.44501416283705,43.927264409881076,1.358538657604078
Eswatini,2023,SWZ,1230507.0,,1.03,0.837,,,43.567,0.003,0.002,0.015206961302967337,0.1315187143673299,,0.17778249787595582
Ethiopia,2023,ETH,128691695.0,,17.571,0.137,23.246,0.181,312.391,0.046,0.017,1.590409177581497,0.01068907312635831,32.29753571225313,0.029099405267629566
Faroe Islands,2023,FRO,54738.0,,0.714,13.038,,,32.936,0.002,0.002,0.0006764680313089045,2.956532914246045,,2.7693288020390825
Fiji,2023,FJI,924150.0,,1.382,1.496,,,52.621,0.004,0.003,0.011420912914869453,0.2626760244440837,,0.3177570093457944
Finland,2023,FIN,5601185.0,,31.799,5.677,47.462,8.474,3295.003,0.083,0.182,0.06922106379383548,2.6292574835610676,49.25626592031197,1.2058198810535259
France,2023,FRA,66438828.0,,270.263,4.068,407.365,6.131,39783.41,0.709,2.197,0.8210702469880324,2.675775925457475,50.7291046129141,0.8640611724723873
French Polynesia,2023,PYF,281125.0,,0.882,3.139,,,34.097,0.002,0.002,0.0034742240363498074,0.5756681143975101,,0.6667374681393372
Gabon,2023,GAB,2484790.0,,5.321,2.141,,,301.686,0.014,0.017,0.030707753288685243,0.5536061150479518,,0.45475785896346643
Gambia,2023,GMB,2697846.0,,0.773,0.286,,,16.874,0.002,0.001,0.033340760941112255,0.029993316642239774,,0.06074766355140186
Georgia,2023,GEO,3807494.0,,11.922,3.131,15.366,4.036,650.6,0.031,0.036,0.04705411177610556,0.7650766031095517,28.887770508303966,0.6650382327952421
Germany,2023,DEU,84548233.0,,593.766,7.023,768.481,9.089,94563.352,1.559,5.223,1.0448715102516817,4.998700748134973,29.42489128714006,1.491716227697536
Ghana,2023,GHA,33787916.0,,20.136,0.596,26.373,0.781,405.514,0.053,0.022,0.4175608355904606,0.05268693355517991,30.974374255065563,0.1265930331350892
Greece,2023,GRC,10242910.0,,51.988,5.076,67.191,6.56,4243.417,0.136,0.234,0.12658484348303356,1.8485625416234255,29.243286912364397,1.0781648258283771
Greenland,2023,GRL,55951.0,,0.609,10.884,,,34.575,0.002,0.002,0.0006914586360437816,2.8924362149023253,,2.311809685641461
Grenada,2023,GRD,117094.0,,0.363,3.1,,,9.272,0.001,0.001,0.0014470815093369296,0.691046076912566,,0.6584536958368734
Guatemala,2023,GTM,18124841.0,,19.736,1.089,25.449,1.404,495.886,0.052,0.027,0.2239920258149168,0.1205400053942542,28.947101743007707,0.23130841121495327
Guinea,2023,GIN,14405469.0,,3.875,0.269,6.399,0.444,101.91,0.01,0.006,0.17802695119499165,0.03370276219260893,65.13548387096775,0.05713678844519966
Guinea-Bissau,2023,GNB,2153343.0,,0.329,0.153,,,7.943,0.001,0.0,0.026611635425898103,0.0,,0.03249787595581988
Guyana,2023,GUY,826357.0,,4.379,5.299,,,112.831,0.011,0.006,0.010212358744351864,0.5875234262915423,,1.1255310110450298
Haiti,2023,HTI,11637402.0,,2.865,0.246,,,85.874,0.008,0.005,0.14381837883171303,0.0347660712115986,,0.05225148683092608
Honduras,2023,HND,10644853.0,,12.404,1.165,10.458,0.982,297.385,0.033,0.016,0.13155217129750238,0.12162475041036265,-15.68848758465011,0.24745114698385726
Hong Kong,2023,HKG,7442738.0,,32.957,4.428,144.164,19.37,1716.977,0.087,0.095,0.09197950824670198,1.032838746486844,337.43059137664227,0.9405267629566695
Hungary,2023,HUN,9686465.0,,40.344,4.165,56.728,5.856,5143.875,0.106,0.284,0.1197081352788302,2.3724369220061186,40.61074757089035,0.8846644010195411
Iceland,2023,ISL,387559.0,,3.508,9.052,,,167.883,0.009,0.009,0.004789566183383531,1.879084588333647,,1.9226847918436702
India,2023,IND,1438069597.0,,3062.756,2.13,2543.215,1.768,62879.051,8.04,3.473,17.772079892721322,0.19541888293122017,-16.963186097749862,0.45242141036533556
Indonesia,2023,IDN,281190068.0,,762.358,2.711,728.167,2.59,16607.715,2.001,0.917,3.475028165508001,0.2638827532685472,-4.4849007946397785,0.5758283772302464
Iran,2023,IRN,90608708.0,,789.676,8.715,668.58,7.379,21018.006,2.073,1.161,1.1197686126676785,1.036821345826165,-15.334896843768837,1.8511045029736617
Iraq,2023,IRQ,45074055.0,,227.91,5.056,,,5117.109,0.598,0.283,0.5570382047016567,0.5080441478005473,,1.0739167374681393
Ireland,2023,IRL,5196629.0,,33.568,6.46,40.834,7.858,2333.115,0.088,0.129,0.06422144376982647,2.0086748666433567,21.645614871306023,1.3721325403568394
Israel,2023,ISR,9256311.0,,55.382,5.983,88.32,9.542,2554.999,0.145,0.141,0.11439216776924545,1.2326018708241326,59.474197392654645,1.2708156329651656
Italy,2023,ITA,59499452.0,,312.291,5.249,429.008,7.21,25704.014,0.82,1.42,0.7353114318827626,1.931154526408075,37.37443602281205,1.1149107901444348
Jamaica,2023,JAM,2839785.0,,8.069,2.841,8.334,2.935,476.8,0.021,0.026,0.03509488414429752,0.7408487200897249,3.2841739992563985,0.6034409515717927
Japan,2023,JPN,124370947.0,,986.91,7.935,1142.299,9.185,68650.406,2.591,3.792,1.5370121244677208,2.467124324938685,15.745002077190422,1.685429056924384
Jordan,2023,JOR,11439220.0,,23.119,2.021,31.817,2.781,770.175,0.061,0.043,0.14136918837205315,0.30416811820998285,37.62273454734201,0.42926932880203905
Kazakhstan,2023,KAZ,20330109.0,,286.175,14.076,212.657,10.46,14650.435,0.751,0.809,0.2512453654047543,3.2199598933763713,-25.68987507643924,2.989804587935429
Kenya,2023,KEN,55339007.0,,21.186,0.383,34.98,0.632,530.082,0.056,0.029,0.6838954495940605,0.042404142354234876,65.10903426791276,0.08135089209855564
Kiribati,2023,KIR,132540.0,,0.069,0.523,,,2.257,0.0,0.0,0.001637967643495966,0.0,,0.1110875106202209
Kuwait,2023,KWT,4838781.0,,123.169,25.454,122.346,25.284,3746.405,0.323,0.207,0.05979905471527882,3.46159318045392,-0.6681876121426604,5.406542056074766
Kyrgyzstan,2023,KGZ,7073523.0,,11.144,1.576,19.193,2.713,871.446,0.029,0.048,0.08741664251942445,0.5490945272730435,72.22720746590095,0.33474936278674594
Laos,2023,LAO,7665001.0,,24.157,3.152,14.825,1.934,218.608,0.063,0.012,0.09472629866730213,0.12668076520277036,-38.63062466365857,0.6694987255734919
Latvia,2023,LVA,1882399.0,,6.59,3.501,13.362,7.098,974.289,0.017,0.054,0.02326323113135026,2.3212596605820552,102.7617602427921,0.7436278674596432
Lebanon,2023,LBN,5773494.0,,15.559,2.695,,,779.075,0.041,0.043,0.07135050823840425,0.602658636380327,,0.572429906542056
Lesotho,2023,LSO,2311476.0,,2.494,1.079,,,69.759,0.007,0.004,0.028565888763524085,0.14002715032299706,,0.2291843670348343
Liberia,2023,LBR,5493035.0,,0.834,0.152,,,51.662,0.002,0.003,0.06788451482262611,0.04419270002648809,,0.03228547153780798
Libya,2023,LBY,7305659.0,,64.219,8.79,,,2424.62,0.169,0.134,0.0902854463287694,1.4841816200591897,,1.8670348343245537
Liechtenstein,2023,LIE,39622.0,,0.131,3.312,,,9.829,0.0,0.001,0.0004896601325682599,2.0422328335268287,,0.703483432455395
Lithuania,2023,LTU,2854104.0,,12.507,4.382,20.517,7.189,1597.549,0.033,0.088,0.03527184248658828,2.4949079434526564,64.04413528424082,0.9307561597281222
Luxembourg,2023,LUX,665101.0,,6.841,10.285,7.332,11.024,775.991,0.018,0.043,0.00821951046972092,5.2314551040969715,7.177313258295566,2.1845794392523366
Macao,2023,MAC,713916.0,,1.043,1.461,,,56.473,0.003,0.003,0.00882278035441426,0.3400288661271074,,0.31032285471537807
Madagascar,2023,MDG,31195937.0,,4.447,0.143,6.419,0.206,108.125,0.012,0.006,0.385528409646436,0.01556305540622165,44.34450191140093,0.03037383177570093
Malawi,2023,MWI,21104480.0,,1.853,0.088,3.233,0.153,55.675,0.005,0.003,0.26081526612952877,0.011502394183130787,74.4738262277388,0.018691588785046728
Malaysia,2023,MYS,35126295.0,,276.297,7.866,286.508,8.157,6752.186,0.725,0.373,0.4341009102602546,0.8592472192154054,3.6956608287458623,1.6707731520815632
Maldives,2023,MDV,526009.0,,2.205,4.193,,,31.348,0.006,0.002,0.006500571315736153,0.3076652655372817,,0.8906117247238742
Mali,2023,MLI,23769130.0,,6.743,0.284,,,93.217,0.018,0.005,0.29374578130412915,0.017021521050623222,,0.06032285471537807
Malta,2023,MLT,532964.0,,1.768,3.317,14.296,26.824,109.494,0.005,0.006,0.00658652321675105,0.910951013539376,708.5972850678731,0.7045454545454546
Marshall Islands,2023,MHL,38849.0,,0.148,3.802,,,3.854,0.0,0.0,0.00048010717505790547,0.0,,0.8075615972812235
Mauritania,2023,MRT,5022442.0,,5.037,1.003,,,94.625,0.013,0.005,0.06206879045824029,0.08055578275468388,,0.2130416312659303
Mauritius,2023,MUS,1273591.0,,4.588,3.602,7.913,6.213,128.538,0.012,0.007,0.01573940583256127,0.4447435992481103,72.4716652136007,0.7650807136788444
Mexico,2023,MEX,129739761.0,,458.254,3.532,564.969,4.355,21554.863,1.203,1.191,1.6033614802542617,0.7428144025333144,23.2873035478141,0.7502124044180118
Micronesia (country),2023,FSM,112646.0,,0.144,1.279,,,4.708,0.0,0.0,0.001392111839212665,0.0,,0.27166525063721325
Moldova,2023,MDA,3067072.0,,5.329,1.738,,,1353.037,0.014,0.075,0.037903762609570395,1.978695381050722,,0.3691588785046729
Mongolia,2023,MNG,3431938.0,,44.184,12.874,36.605,10.666,816.758,0.116,0.045,0.04241288213734917,1.060998397946,-17.153268151367012,2.7344944774851316
Montenegro,2023,MNE,633553.0,,2.407,3.799,,,119.764,0.006,0.007,0.00782963116372265,0.8940395599263201,,0.8069243840271877
Montserrat,2023,MSR,4440.0,,0.026,5.765,,,1.652,0.0,0.0,5.487080381109167e-05,0.0,,1.2245114698385726
Morocco,2023,MAR,37712516.0,,68.961,1.829,69.914,1.854,1946.607,0.181,0.108,0.4660621771753729,0.23172873768591837,1.3819405171038746,0.38848768054375526
Mozambique,2023,MOZ,33635163.0,,9.093,0.27,14.428,0.429,202.607,0.024,0.011,0.4156730698484436,0.026463104776093992,58.67150555372266,0.05734919286321156
Myanmar,2023,MMR,54133800.0,,31.793,0.587,,,696.292,0.083,0.038,0.6690011530065032,0.05680109791922976,,0.12468139337298215
Namibia,2023,NAM,2963102.0,,3.443,1.162,9.646,3.255,83.731,0.009,0.005,0.036618871286993995,0.1365416197788669,180.16264885274472,0.24681393372982155
Nauru,2023,NRU,11900.0,,0.059,4.933,,,5.013,0.0,0.0,0.000147063640845043,0.0,,1.0477909940526762
Nepal,2023,NPL,29694614.0,,18.348,0.618,47.279,1.592,213.32,0.048,0.012,0.3669746259099316,0.03269980852285199,157.67931109657732,0.1312659303313509
Netherlands,2023,NLD,18092526.0,,117.016,6.468,150.148,8.299,12146.918,0.307,0.671,0.22359266770114306,3.0009928630435576,28.314076707458803,1.3738317757009346
New Caledonia,2023,NCL,289879.0,,5.068,17.483,,,166.482,0.013,0.009,0.0035824084995395144,2.5122763082872503,,3.713466440101954
New Zealand,2023,NZL,5172837.0,,31.56,6.101,41.396,8.003,1979.867,0.083,0.109,0.06392741535444955,1.7050587669725528,31.166032953105205,1.295879354290569
Nicaragua,2023,NIC,6823619.0,,5.428,0.796,7.173,1.051,192.021,0.014,0.011,0.08432825662852196,0.13044263500497316,32.14812085482683,0.16907391673746813
Niger,2023,NER,26159863.0,,3.133,0.12,,,58.337,0.008,0.003,0.32329115099054867,0.009279561134934078,,0.025488530161427356
Nigeria,2023,NGA,227882949.0,,129.376,0.568,133.284,0.585,4575.005,0.34,0.253,2.8162433753315335,0.08983598584416248,3.020652980460044,0.12064570943075614
Niue,2023,NIU,1841.0,,0.007,3.961,,,0.278,0.0,0.0,2.2751610318968415e-05,0.0,,0.8413338997451146
North Korea,2023,PRK,26418196.0,,62.025,2.348,,,5430.111,0.163,0.3,0.3264837049006682,0.9188820008376044,,0.4987255734919286
North Macedonia,2023,MKD,1831800.0,,7.338,4.006,,,531.381,0.019,0.029,0.022637914058819306,1.2810367565072607,,0.85089209855565
Norway,2023,NOR,5519167.0,,38.869,7.043,38.97,7.061,2750.112,0.102,0.152,0.06820746163460617,2.2284951874367995,0.2598471789858219,1.495964316057774
Oman,2023,OMN,5049267.0,,79.811,15.806,83.36,16.509,1590.691,0.21,0.088,0.06240030156459896,1.410249594850104,4.446755459773706,3.3572642310960066
Pakistan,2023,PAK,247504505.0,,186.861,0.755,220.106,0.889,5560.039,0.491,0.307,3.058732237886567,0.10036838014043421,17.79129941507324,0.16036533559898045
Palau,2023,PLW,17751.0,,0.216,12.18,,,11.173,0.001,0.001,0.0002193719906420469,4.55846709086812,,2.5870858113848767
Palestine,2023,PSE,5409201.0,,4.755,0.879,,,73.211,0.012,0.004,0.0668484700103065,0.05983682198535422,,0.18670348343245538
Panama,2023,PAN,4458758.0,,13.002,2.916,19.517,4.377,347.811,0.034,0.019,0.05510262059890439,0.34481118671836414,50.10767574219349,0.6193712829226847
Papua New Guinea,2023,PNG,10389638.0,,8.358,0.804,,,201.364,0.022,0.011,0.1283981505329421,0.08567101593241265,,0.1707731520815633
Paraguay,2023,PRY,6844150.0,,7.646,1.117,13.125,1.918,200.593,0.02,0.011,0.08458198466299169,0.130051334735504,71.65838346848025,0.2372557349192863
Peru,2023,PER,33845616.0,,66.065,1.952,78.884,2.331,2091.576,0.173,0.116,0.4182739088742219,0.27733023155140685,19.403617649284797,0.41461342395921835
Philippines,2023,PHL,114891199.0,,160.98,1.401,211.593,1.842,3808.761,0.423,0.21,1.4198586576464172,0.14790204565016332,31.44055162131942,0.2975785896346644
Poland,2023,POL,38762847.0,,283.243,7.307,273.856,7.065,28771.057,0.744,1.589,0.47904247137305483,3.317033655587011,-3.3141154415113525,1.5520390824129142
Portugal,2023,PRT,10430735.0,,37.622,3.607,47.46,4.55,2732.076,0.099,0.151,0.12890603914200166,1.1713958555010742,26.149593323055665,0.766142735768904
Qatar,2023,QAT,2979086.0,,119.544,40.128,82.228,27.602,2465.068,0.314,0.136,0.03681640618071393,3.6940053119916643,-31.215284748711774,8.523364485981308
Romania,2023,ROU,19118482.0,,67.866,3.55,78.251,4.093,8793.213,0.178,0.486,0.23627172860087556,2.056953673120073,15.30221318480536,0.754035683942226
Russia,2023,RUS,145440502.0,,1733.135,11.916,1405.982,9.667,121027.703,4.55,6.685,1.797395777348803,3.7192698927225236,-18.876371430961814,2.5310110450297367
Rwanda,2023,RWA,13954473.0,,2.016,0.144,3.517,0.252,35.282,0.005,0.002,0.17245341222301258,0.011597335038019707,74.45436507936508,0.030586236193712826
Saint Helena,2023,SHN,5316.0,,0.011,2.064,,,0.41,0.0,0.0,6.56966651035503e-05,0.0,,0.43840271877655057
Saint Kitts and Nevis,2023,KNA,46783.0,,0.25,5.347,,,7.775,0.001,0.0,0.0005781578411473652,0.0,,1.1357264231096007
Saint Lucia,2023,LCA,179291.0,,0.517,2.884,,,15.918,0.001,0.001,0.002215730019390639,0.45131852312720666,,0.6125743415463041
Saint Pierre and Miquelon,2023,SPM,5707.0,,0.053,9.335,,,3.84,0.0,0.0,7.052875615988743e-05,0.0,,1.9827952421410366
Saint Vincent and the Grenadines,2023,VCT,101331.0,,0.246,2.43,,,7.711,0.001,0.0,0.0012522777975184076,0.0,,0.516142735768904
Samoa,2023,WSM,216673.0,,0.235,1.084,,,7.524,0.001,0.0,0.0026777075842704203,0.0,,0.2302463891248938
Sao Tome and Principe,2023,STP,230882.0,,0.14,0.606,,,3.873,0.0,0.0,0.00285330651475506,0.0,,0.12871707731520815
Saudi Arabia,2023,SAU,33264289.0,,677.442,20.365,654.104,19.664,18328.205,1.778,1.012,0.41108970171947173,2.4617498219174325,-3.4450181712973165,4.325615972812234
Senegal,2023,SEN,18077573.0,,14.082,0.779,19.033,1.053,286.507,0.037,0.016,0.2234078742035333,0.07161788749407899,35.15835818775742,0.16546304163126593
Serbia,2023,SRB,6773204.0,,42.907,6.335,,,2882.871,0.113,0.159,0.083705213481194,1.8995232601099863,,1.3455819881053526
Seychelles,2023,SYC,127961.0,,0.641,5.012,,,15.461,0.002,0.001,0.0015813790374934913,0.6323594636647103,,1.0645709430756158
Sierra Leone,2023,SLE,8460523.0,,1.38,0.163,,,41.185,0.004,0.002,0.10455758956581729,0.019128214492177373,,0.03462192013593883
Singapore,2023,SGP,5789092.0,,51.068,8.821,186.926,32.289,2193.786,0.134,0.121,0.07154327283251358,1.691284102745301,266.03352392887916,1.8736193712829226
Sint Maarten (Dutch part),2023,SXM,42775.0,,0.691,16.157,,,61.505,0.002,0.003,0.0005286258182476231,5.675091712215078,,3.4318181818181817
Slovakia,2023,SVK,5518057.0,,30.766,5.576,35.035,6.349,3999.231,0.081,0.221,0.06819374393365339,3.2407664875390014,13.875706949229667,1.1843670348343245
Slovenia,2023,SVN,2118394.0,,12.012,5.67,19.735,9.316,898.65,0.032,0.05,0.026179725578512104,1.9098748705387194,64.29403929403928,1.2043330501274425
Solomon Islands,2023,SLB,800014.0,,0.282,0.352,,,11.315,0.001,0.001,0.009886804333361868,0.10114491662645902,,0.07476635514018691
Somalia,2023,SOM,18358622.0,,1.296,0.071,,,40.613,0.003,0.002,0.22688115900990796,0.0088151876900129,,0.015080713678844518
South Africa,2023,ZAF,63212386.0,,436.604,6.907,325.381,5.147,22387.137,1.146,1.236,0.7811969438371617,1.5821874493375396,-25.47457192329892,1.4670773152081562
South Korea,2023,KOR,51748744.0,,589.178,11.385,708.865,13.698,20123.871,1.547,1.111,0.6395259413275691,1.7372242910017295,20.314234407937843,2.4182242990654204
South Sudan,2023,SSD,11483370.0,,1.666,0.145,,,43.835,0.004,0.002,0.14191480683787744,0.014092962140904629,,0.03079864061172472
Spain,2023,ESP,47911583.0,,215.461,4.497,260.615,5.44,15479.886,0.566,0.855,0.5921051961873502,1.4440001633248059,20.956924919126894,0.9551826677994901
Sri Lanka,2023,LKA,22971615.0,,19.166,0.834,46.439,2.022,547.046,0.05,0.03,0.28388986033534475,0.10567478515985923,142.29886256913284,0.1771452846219201
Sudan,2023,SDN,50042800.0,,17.716,0.354,,,499.222,0.047,0.028,0.6184433921075897,0.04527496025881845,,0.0751911639762107
Suriname,2023,SUR,628892.0,,2.869,4.561,,,125.772,0.008,0.007,0.00777202917801015,0.9006656871291095,,0.9687765505522514
Sweden,2023,SWE,10551493.0,,36.709,3.479,61.722,5.85,5096.457,0.096,0.281,0.13039840142277187,2.154934392860802,68.13860361219318,0.7389549702633814
Switzerland,2023,CHE,8870564.0,,31.977,3.605,118.33,13.34,3125.99,0.084,0.173,0.10962499480579563,1.5781072583535836,270.0472214404103,0.7657179269328802
Syria,2023,SYR,23594623.0,,31.674,1.342,,,2024.037,0.083,0.112,0.29158917334001605,0.3841020526142757,,0.28504672897196265
Taiwan,2023,TWN,23317145.0,,267.127,11.456,294.802,12.643,9829.566,0.701,0.543,0.28816001998418406,1.8843696638756589,10.360240634604517,2.433305012744265
Tajikistan,2023,TJK,10389807.0,,10.264,0.988,13.021,1.253,507.058,0.027,0.028,0.12840023908380788,0.2180681297775791,26.86087295401405,0.2098555649957519
Tanzania,2023,TZA,66617607.0,,20.31,0.305,25.788,0.387,324.833,0.053,0.018,0.8232796495633801,0.02186377376089177,26.971935007385532,0.06478334749362787
Thailand,2023,THA,71702436.0,,264.734,3.692,305.567,4.262,8040.558,0.695,0.444,0.8861194366066117,0.5010611229794202,15.424161611277748,0.7841971112999151
Togo,2023,TGO,8223853.0,,2.671,0.325,8.647,1.051,73.877,0.007,0.004,0.10163275327348147,0.03935739091153501,223.736428304006,0.06903143585386576
Tonga,2023,TON,104613.0,,0.146,1.394,,,4.77,0.0,0.0,0.0012928377024976876,0.0,,0.2960917587085811
Trinidad and Tobago,2023,TTO,1502938.0,,35.536,23.644,22.352,14.872,1676.392,0.093,0.093,0.018573742373476237,5.007068480329861,-37.10040522287258,5.0220900594732365
Tunisia,2023,TUN,12200434.0,,31.738,2.601,30.179,2.474,1033.525,0.083,0.057,0.15077649108652533,0.37804301976552634,-4.912092759468148,0.5524638912489379
Turkey,2023,TUR,87270502.0,,486.945,5.58,483.031,5.535,12374.517,1.278,0.683,1.0785140976886223,0.6332786947001864,-0.803786875314458,1.185216652506372
Turkmenistan,2023,TKM,7364437.0,,95.421,12.957,,,2660.627,0.25,0.147,0.09101184184823075,1.6151744324121449,,2.752124044180119
Turks and Caicos Islands,2023,TCA,46221.0,,0.365,7.893,,,7.227,0.001,0.0,0.0005712124826469523,0.0,,1.6765080713678844
Tuvalu,2023,TUV,9837.0,,0.011,1.112,,,0.286,0.0,0.0,0.00012156849033551999,0.0,,0.23619371282922685
Uganda,2023,UGA,48656606.0,,6.236,0.128,8.802,0.181,125.05,0.016,0.007,0.6013124058422491,0.011641203361163333,41.14817190506735,0.027187765505522515
Ukraine,2023,UKR,37732833.0,,139.325,3.692,166.306,4.407,31093.998,0.366,1.717,0.46631326053596517,3.6820741448067262,19.365512291405008,0.7841971112999151
United Arab Emirates,2023,ARE,10642089.0,,210.425,19.773,248.068,23.31,5602.252,0.552,0.309,0.13151801298630109,2.349488050980404,17.889034097659497,4.199872557349193
United Kingdom,2023,GBR,68682965.0,,307.826,4.482,487.1,7.092,79766.547,0.808,4.406,0.8488039409187107,5.1908335807573245,58.23874526518228,0.9519966015293119
United States,2023,USA,343477330.0,,4918.407,14.319,5431.659,15.814,429962.469,12.911,23.748,4.244792159456664,5.594620209400254,10.435329975742135,3.0414188615123194
Uruguay,2023,URY,3388083.0,,7.627,2.251,10.782,3.182,468.783,0.02,0.026,0.04187090936682318,0.6209561815870508,41.36619902976269,0.4781223449447748
Uzbekistan,2023,UZB,35652311.0,,122.872,3.446,,,6611.421,0.323,0.365,0.44060156808401474,0.8284128483410234,,0.7319456244689889
Vanuatu,2023,VUT,320422.0,,0.188,0.588,,,5.35,0.0,0.0,0.003959867724945409,0.0,,0.12489379779099404
Venezuela,2023,VEN,28300861.0,,119.588,4.226,100.516,3.552,7770.432,0.314,0.429,0.34975022333693145,1.2265896384767234,-15.948088436966913,0.8976210705182668
Vietnam,2023,VNM,100352189.0,,347.399,3.462,247.788,2.469,5297.944,0.912,0.293,1.2401813681604936,0.23625576671466528,-28.673369813960313,0.7353440951571792
Wallis and Futuna,2023,WLF,11394.0,,0.029,2.56,,,0.835,0.0,0.0,0.000140810346536842,0.0,,0.5437553101104503
Yemen,2023,YEM,39390800.0,,10.141,0.257,,,697.908,0.027,0.039,0.4868028961175563,0.0801145603508941,,0.054587935429056926
Zambia,2023,ZMB,20723967.0,,11.831,0.571,12.705,0.613,288.795,0.031,0.016,0.2561127764514725,0.0624724788106447,7.387372157890293,0.12128292268479182
Zimbabwe,2023,ZWE,16340829.0,,13.443,0.823,15.32,0.938,819.213,0.035,0.045,0.20194468967783724,0.22283329198598184,13.962657144982524,0.17480883602378927
